Data,Último,Abertura,Máxima,Mínima,Vol.,Var
15.12.2022,"53,035","52,792","53,258","52,792","47,15K",0.46
14.12.2022,"52,792","52,941","53,721","52,740","176,05K",-0.28
13.12.2022,"52,938","53,231","53,358","52,418","174,06K",-0.54
12.12.2022,"53,226","52,404","53,520","52,309","143,26K",1.58
09.12.2022,"52,400","52,258","52,840","52,161","140,59K",0.28
08.12.2022,"52,253","52,053","52,530","51,905","164,06K",0.39
07.12.2022,"52,048","52,357","52,782","51,841","158,34K",-0.58
06.12.2022,"52,352","52,811","52,811","52,183","161,57K",-0.87
05.12.2022,"52,809","52,170","52,916","52,060","134,13K",1.19
02.12.2022,"52,189","51,852","52,410","51,616","160,05K",0.66
01.12.2022,"51,848","51,856","52,175","51,628","183,46K",-0.01
30.11.2022,"51,851","52,700","53,189","51,733","158,63K",-1.6
29.11.2022,"52,695","53,658","53,658","52,698","127,67K",-1.79
28.11.2022,"53,654","54,080","54,307","53,478","121,90K",-0.82
25.11.2022,"54,098","53,213","54,251","53,040","158,13K",1.67
24.11.2022,"53,208","53,596","53,596","52,991","113,29K",-0.71
23.11.2022,"53,591","53,591","54,127","53,440","151,68K",0.01
22.11.2022,"53,586","53,203","54,005","52,794","174,86K",0.73
21.11.2022,"53,200","53,832","53,836","52,976","177,13K",-1.16
18.11.2022,"53,827","54,236","54,236","53,253","156,99K",-0.74
17.11.2022,"54,231","54,003","55,307","53,866","167,68K",0.43
16.11.2022,"53,998","53,330","54,057","52,868","146,98K",1.26
15.11.2022,"53,325","53,333","53,333","53,328","0,01K",0.01
14.11.2022,"53,321","53,253","53,527","52,589","164,62K",0.13
11.11.2022,"53,250","53,454","54,066","52,484","179,78K",-0.37
10.11.2022,"53,449","51,869","54,155","51,869","244,22K",3.06
09.11.2022,"51,864","51,444","52,014","51,364","186,74K",0.82
08.11.2022,"51,440","51,572","52,488","51,298","181,41K",-0.25
07.11.2022,"51,567","50,571","51,757","50,461","158,14K",2
04.11.2022,"50,557","51,170","51,170","50,184","180,05K",-1.13
03.11.2022,"51,137","51,437","52,244","50,830","203,31K",-0.57
02.11.2022,"51,432","51,475","51,480","51,437",,-0.08
01.11.2022,"51,475","51,803","52,069","50,830","208,66K",-0.61
31.10.2022,"51,791","52,962","54,083","51,531","180,03K",-2.19
28.10.2022,"52,949","53,451","53,832","52,800","202,54K",-0.94
27.10.2022,"53,449","53,807","53,927","52,406","186,52K",-0.66
26.10.2022,"53,804","53,166","53,879","52,797","183,45K",1.2
25.10.2022,"53,167","53,037","53,581","52,757","180,71K",0.25
24.10.2022,"53,032","51,649","53,101","51,648","177,34K",2.77
21.10.2022,"51,605","52,180","52,773","51,404","216,51K",-1.04
20.10.2022,"52,147","52,707","52,716","51,922","189,24K",-1.05
19.10.2022,"52,700","52,414","52,998","52,411","182,98K",0.56
18.10.2022,"52,405","52,833","52,993","52,336","176,73K",-0.76
17.10.2022,"52,808","53,288","53,307","52,531","132,52K",-0.83
14.10.2022,"53,252","52,629","53,347","52,407","164,83K",1.19
13.10.2022,"52,626","52,725","53,817","52,288","169,10K",-0.57
12.10.2022,"52,930","53,034","53,034","52,932","8,27K",-0.14
11.10.2022,"53,005","51,899","53,057","51,770","174,89K",2.13
10.10.2022,"51,901","51,999","52,174","51,625","137,86K",-0.18
07.10.2022,"51,996","52,215","52,533","51,937","172,97K",-0.42
06.10.2022,"52,217","51,959","52,333","51,723","182,70K",0.53
05.10.2022,"51,940","51,779","52,442","51,593","177,29K",0.33
04.10.2022,"51,770","51,650","52,218","51,083","167,00K",0.19
03.10.2022,"51,672","54,158","54,158","51,526","162,97K",-4.58
30.09.2022,"54,154","54,013","54,278","53,282","191,95K",0.35
29.09.2022,"53,964","53,765","54,300","53,730","226,00K",0.41
28.09.2022,"53,745","53,814","54,236","53,226","215,45K",-0.15
27.09.2022,"53,824","53,910","53,954","52,963","240,28K",-0.14
26.09.2022,"53,898","52,603","54,174","52,603","198,86K",2.48
23.09.2022,"52,595","51,173","52,693","51,164","188,07K",2.79
22.09.2022,"51,166","51,728","51,859","51,055","194,13K",-1.06
21.09.2022,"51,716","51,430","51,940","51,188","195,92K",0.58
20.09.2022,"51,417","51,705","52,240","51,406","162,36K",-0.49
19.09.2022,"51,670","52,544","53,029","51,420","126,67K",-1.64
16.09.2022,"52,531","52,462","53,105","52,462","169,32K",0.12
15.09.2022,"52,470","51,644","52,502","51,641","135,04K",1.63
14.09.2022,"51,631","51,922","51,986","51,495","136,73K",-0.54
13.09.2022,"51,911","50,918","52,092","50,766","177,68K",1.93
12.09.2022,"50,930","51,477","51,477","50,834","126,68K",-1.03
09.09.2022,"51,462","52,143","52,146","51,378","151,12K",-1.3
08.09.2022,"52,141","52,483","52,523","51,783","195,76K",-0.65
07.09.2022,"52,480","52,507","52,507","52,483","34,56K",-0.09
06.09.2022,"52,528","51,547","52,539","51,532","134,86K",1.96
05.09.2022,"51,516","51,660","51,905","51,495","93,71K",-0.32
02.09.2022,"51,681","52,422","52,422","51,575","153,53K",-1.4
01.09.2022,"52,416","51,833","52,577","51,462","169,57K",1.13
31.08.2022,"51,831","51,229","52,122","51,229","158,17K",1.19
30.08.2022,"51,223","50,285","51,259","50,076","161,49K",1.87
29.08.2022,"50,282","50,608","50,917","50,100","119,96K",-0.63
26.08.2022,"50,601","51,102","51,175","50,540","165,72K",-0.97
25.08.2022,"51,099","51,114","51,437","50,852","132,30K",-0.03
24.08.2022,"51,114","51,050","51,244","50,802","128,42K",0.15
23.08.2022,"51,037","51,576","51,579","50,700","131,87K",-1.04
22.08.2022,"51,574","51,706","52,046","51,498","123,06K",-0.24
19.08.2022,"51,697","51,694","52,199","51,648","132,82K",0.04
18.08.2022,"51,674","51,655","52,074","51,283","149,11K",0.06
17.08.2022,"51,642","51,469","52,144","51,452","167,02K",0.36
16.08.2022,"51,459","50,987","51,549","50,965","148,45K",0.98
15.08.2022,"50,961","50,721","51,409","50,721","130,15K",0.45
12.08.2022,"50,735","51,592","51,649","50,640","154,88K",-1.64
11.08.2022,"51,581","50,945","51,712","50,605","166,77K",1.28
10.08.2022,"50,927","51,249","51,421","50,342","148,33K",-0.61
09.08.2022,"51,237","51,129","51,522","50,926","122,15K",0.23
08.08.2022,"51,117","51,638","51,638","51,023","130,57K",-1.02
05.08.2022,"51,646","52,145","52,782","51,553","160,22K",-0.99
04.08.2022,"52,164","52,844","52,959","51,986","165,48K",-1.23
03.08.2022,"52,815","52,796","53,163","52,430","139,46K",0.06
02.08.2022,"52,784","51,856","52,850","51,856","188,78K",1.82
01.08.2022,"51,838","51,759","52,050","51,269","165,25K",0.2
29.07.2022,"51,734","51,842","52,221","51,448","165,18K",-0.17
28.07.2022,"51,823","52,442","52,740","51,578","165,07K",-1.16
27.07.2022,"52,432","53,517","53,526","52,372","176,20K",-2.02
26.07.2022,"53,511","53,576","53,931","53,345","172,29K",-0.12
25.07.2022,"53,576","54,987","55,010","53,566","131,71K",-2.53
22.07.2022,"54,968","54,993","55,047","54,349","167,41K",0
21.07.2022,"54,968","54,720","55,152","54,289","160,55K",0.46
20.07.2022,"54,714","54,144","54,729","53,889","166,16K",1.07
19.07.2022,"54,135","54,381","54,381","53,646","156,26K",-0.44
18.07.2022,"54,375","54,092","54,392","53,517","144,65K",0.54
15.07.2022,"54,082","54,239","54,492","53,745","161,64K",-0.28
14.07.2022,"54,233","53,930","54,906","53,930","162,28K",0.59
13.07.2022,"53,917","54,377","54,667","53,609","158,35K",-0.83
12.07.2022,"54,368","53,786","54,434","53,695","160,72K",1.09
11.07.2022,"53,782","52,551","53,864","52,551","137,80K",2.37
08.07.2022,"52,536","53,399","53,696","52,501","139,05K",-1.6
07.07.2022,"53,391","54,299","54,303","53,296","126,03K",-1.65
06.07.2022,"54,287","53,870","54,627","53,870","171,59K",0.79
05.07.2022,"53,861","53,299","54,043","53,287","157,06K",1.07
04.07.2022,"53,293","53,307","53,352","52,871","90,87K",-0.03
01.07.2022,"53,310","52,569","53,402","52,527","163,64K",1.42
30.06.2022,"52,562","51,828","52,715","51,779","152,09K",1.44
29.06.2022,"51,818","52,680","52,734","51,754","172,12K",-1.63
28.06.2022,"52,675","52,387","52,792","51,876","170,34K",0.59
27.06.2022,"52,366","52,423","52,755","52,018","127,90K",-0.1
24.06.2022,"52,417","52,393","52,763","52,027","146,38K",0.02
23.06.2022,"52,406","51,944","52,477","51,659","165,48K",0.9
22.06.2022,"51,940","51,255","51,962","51,255","153,13K",1.33
21.06.2022,"51,257","51,905","51,910","51,167","159,30K",-1.2
20.06.2022,"51,880","51,534","51,944","51,361","111,14K",0.7
17.06.2022,"51,518","50,540","51,561","50,540","166,35K",1.95
16.06.2022,"50,535","50,538","50,551","50,538",,0
15.06.2022,"50,536","51,178","51,350","50,176","205,38K",-1.24
14.06.2022,"51,168","51,151","51,519","50,859","189,42K",0.03
13.06.2022,"51,154","49,890","51,383","49,890","165,74K",2.58
10.06.2022,"49,865","49,048","50,124","48,815","149,08K",1.63
09.06.2022,"49,063","48,998","49,207","48,648","117,52K",0.15
08.06.2022,"48,988","48,712","49,082","48,450","164,23K",0.6
07.06.2022,"48,696","47,958","49,352","47,913","163,98K",1.57
06.06.2022,"47,945","47,765","48,073","47,467","113,33K",0.44
03.06.2022,"47,734","47,970","48,321","47,715","145,38K",-0.48
02.06.2022,"47,962","48,169","48,169","47,710","131,79K",-0.39
01.06.2022,"48,151","47,319","48,180","47,218","155,81K",1.77
31.05.2022,"47,315","47,538","47,793","46,975","136,07K",-0.44
30.05.2022,"47,526","47,311","47,568","46,904","97,49K",0.49
27.05.2022,"47,295","47,700","47,818","47,147","154,34K",-0.8
26.05.2022,"47,677","48,260","48,442","47,501","146,46K",-1.24
25.05.2022,"48,275","48,190","48,644","48,047","155,93K",0.17
24.05.2022,"48,191","48,125","48,548","47,750","173,82K",0.13
23.05.2022,"48,130","48,797","48,797","47,847","114,67K",-1.35
20.05.2022,"48,788","49,314","49,314","48,519","156,11K",-1.06
19.05.2022,"49,309","49,688","49,694","48,790","138,85K",-0.75
18.05.2022,"49,682","49,372","50,005","49,197","101,92K",0.6
17.05.2022,"49,387","50,617","50,617","49,261","99,97K",-2.4
16.05.2022,"50,599","50,647","51,045","50,307","101,02K",-0.01
13.05.2022,"50,602","51,347","51,502","50,455","87,46K",-1.44
12.05.2022,"51,339","51,380","52,102","51,050","140,21K",-0.07
11.05.2022,"51,373","51,328","51,717","50,910","125,83K",0.12
10.05.2022,"51,313","51,622","51,666","51,090","131,93K",-0.59
09.05.2022,"51,617","50,784","51,625","50,784","132,22K",1.66
06.05.2022,"50,774","50,293","51,150","50,070","158,90K",0.98
05.05.2022,"50,280","49,200","50,589","49,173","147,31K",2.2
04.05.2022,"49,198","49,563","50,368","48,921","129,09K",-0.78
03.05.2022,"49,584","50,841","50,841","49,559","110,69K",-2.49
02.05.2022,"50,848","49,692","50,940","49,657","126,82K",2.27
29.04.2022,"49,721","49,404","49,819","48,588","119,04K",0.6
28.04.2022,"49,425","49,654","50,461","49,351","115,86K",-0.46
27.04.2022,"49,651","49,992","50,405","49,277","155,70K",-0.68
26.04.2022,"49,989","48,777","50,023","48,777","107,70K",2.51
25.04.2022,"48,766","47,974","49,490","47,974","121,29K",1.73
22.04.2022,"47,937","46,214","48,393","46,214","87,37K",3.71
21.04.2022,"46,220","46,224","46,225","46,224",,0
20.04.2022,"46,219","46,663","46,803","46,080","78,00K",-0.98
19.04.2022,"46,675","46,536","46,866","46,379","82,41K",0.32
18.04.2022,"46,527","46,971","47,091","46,438","59,88K",-0.93
15.04.2022,"46,965","46,971","46,971","46,970","0,01K",-0.1
14.04.2022,"47,013","46,880","47,417","46,854","79,83K",0.24
13.04.2022,"46,899","46,780","47,056","46,512","77,50K",0.35
12.04.2022,"46,735","46,892","46,958","46,215","89,54K",-0.45
11.04.2022,"46,944","47,056","47,397","46,783","90,17K",-0.06
08.04.2022,"46,970","47,534","47,950","46,935","82,52K",-1.17
07.04.2022,"47,524","47,093","47,733","46,894","89,23K",0.77
06.04.2022,"47,161","46,523","47,263","46,460","95,12K",1.41
05.04.2022,"46,506","45,950","46,742","45,805","88,39K",1.26
04.04.2022,"45,928","46,595","46,751","45,885","61,19K",-1.39
01.04.2022,"46,575","47,408","47,408","46,525","82,68K",-1.72
31.03.2022,"47,390","47,709","47,965","47,215","80,74K",-0.62
30.03.2022,"47,685","47,580","47,924","47,252","75,89K",0.26
29.03.2022,"47,561","47,680","47,850","47,148","99,42K",-0.24
28.03.2022,"47,675","47,526","48,196","47,326","86,53K",0.54
25.03.2022,"47,420","48,273","48,298","47,297","84,54K",-1.73
24.03.2022,"48,253","48,263","48,591","47,649","103,23K",-0.01
23.03.2022,"48,258","49,108","49,214","48,215","76,65K",-1.7
22.03.2022,"49,094","49,366","49,514","49,048","78,97K",-0.53
21.03.2022,"49,354","50,245","50,299","49,309","85,62K",-1.75
18.03.2022,"50,231","50,406","50,760","49,924","80,61K",-0.32
17.03.2022,"50,390","50,778","51,080","50,279","81,57K",-0.72
16.03.2022,"50,757","51,599","51,599","50,718","106,55K",-1.69
15.03.2022,"51,631","51,224","51,700","50,922","73,29K",0.86
14.03.2022,"51,193","50,591","51,402","50,373","86,61K",0.88
11.03.2022,"50,745","50,132","50,820","49,820","77,23K",1.27
10.03.2022,"50,110","50,150","50,765","50,101","82,63K",-0.03
09.03.2022,"50,123","50,286","50,363","49,850","88,21K",-0.94
08.03.2022,"50,599","50,813","51,011","50,446","117,62K",-1.01
07.03.2022,"51,115","50,785","51,152","50,280","99,80K",0.98
04.03.2022,"50,620","50,517","51,017","50,227","102,09K",0.6
03.03.2022,"50,320","50,978","51,155","50,188","97,21K",-1.32
02.03.2022,"50,995","52,144","52,233","50,866","43,07K",-1.16
01.03.2022,"51,595","51,605","51,605","51,605",,-0.01
28.02.2022,"51,599","51,638","51,654","51,600","0,02K",-0.05
25.02.2022,"51,623","51,199","51,810","50,785","94,23K",0.77
24.02.2022,"51,231","50,050","51,640","50,050","109,51K",2.26
23.02.2022,"50,097","50,621","50,621","49,939","76,78K",-0.96
22.02.2022,"50,583","51,080","51,080","50,437","89,78K",-0.89
21.02.2022,"51,036","51,374","51,552","50,746","69,14K",-0.68
18.02.2022,"51,385","51,718","51,766","51,088","82,29K",-0.64
17.02.2022,"51,718","51,360","51,840","51,238","74,30K",0.69
16.02.2022,"51,365","51,600","51,782","51,225","81,54K",-0.44
15.02.2022,"51,590","52,188","52,212","51,585","80,07K",-1.07
14.02.2022,"52,149","52,560","52,670","51,954","98,44K",-0.72
11.02.2022,"52,527","52,365","52,659","51,805","113,44K",0.06
10.02.2022,"52,496","52,389","52,557","51,727","111,97K",0.27
09.02.2022,"52,354","52,600","52,910","52,126","74,37K",-0.45
08.02.2022,"52,593","52,634","52,900","52,508","67,62K",-0.08
07.02.2022,"52,636","53,260","53,283","52,491","72,48K",-1.21
04.02.2022,"53,279","53,027","53,509","52,778","86,45K",0.83
03.02.2022,"52,839","52,765","53,232","52,717","87,80K",0.42
02.02.2022,"52,620","52,687","53,151","52,540","62,25K",-0.07
01.02.2022,"52,655","52,983","53,182","52,639","75,45K",-0.73
31.01.2022,"53,041","53,698","53,981","52,838","85,28K",-1.18
28.01.2022,"53,674","54,099","54,331","53,664","89,11K",-0.72
27.01.2022,"54,065","54,336","54,355","53,532","108,44K",-0.48
26.01.2022,"54,324","54,456","54,676","53,918","95,55K",-0.21
25.01.2022,"54,437","54,880","55,220","54,278","92,16K",-0.8
24.01.2022,"54,877","54,528","55,251","54,528","112,20K",0.54
21.01.2022,"54,582","54,220","54,752","54,035","104,55K",0.72
20.01.2022,"54,191","54,428","54,620","53,790","87,17K",-0.35
19.01.2022,"54,383","55,484","55,527","54,372","86,80K",-2.3
18.01.2022,"55,666","55,217","55,832","55,043","77,79K",0.91
17.01.2022,"55,165","55,352","55,390","54,940","45,33K",-0.32
14.01.2022,"55,344","55,287","55,537","55,080","77,47K",0.1
13.01.2022,"55,286","55,350","55,560","55,005","73,25K",-0.09
12.01.2022,"55,338","55,660","56,012","55,195","80,10K",-0.62
11.01.2022,"55,686","56,657","56,761","55,635","77,83K",-1.67
10.01.2022,"56,633","56,340","56,930","56,286","60,86K",0.49
07.01.2022,"56,355","56,869","57,106","56,191","70,87K",-0.84
06.01.2022,"56,834","56,878","57,255","56,694","80,38K",-0.44
05.01.2022,"57,087","56,774","57,242","56,418","84,55K",0.56
04.01.2022,"56,770","56,666","57,112","56,371","82,13K",-0.08
03.01.2022,"56,818","55,668","56,827","55,564","68,61K",2
31.12.2021,"55,703","55,715","55,717","55,711",,-0.01
30.12.2021,"55,710","56,957","57,039","55,469","79,86K",-2.32
29.12.2021,"57,032","56,356","57,105","56,235","53,92K",1.33
28.12.2021,"56,283","56,262","56,627","56,195","58,79K",0.06
27.12.2021,"56,249","56,701","57,067","56,236","57,67K",-0.88
24.12.2021,"56,750","56,753","56,753","56,753","0,00K",0
23.12.2021,"56,749","56,554","57,193","56,259","65,47K",0.37
22.12.2021,"56,540","57,425","57,442","56,470","58,08K",-1.59
21.12.2021,"57,451","57,417","57,579","57,112","59,06K",0.05
20.12.2021,"57,420","57,141","57,467","56,892","73,83K",0.81
17.12.2021,"56,959","56,887","57,167","56,610","70,97K",0.13
16.12.2021,"56,884","56,693","57,256","56,589","79,16K",0.14
15.12.2021,"56,806","56,873","57,364","56,574","87,11K",-0.02
14.12.2021,"56,815","56,681","56,986","56,179","68,43K",0.02
13.12.2021,"56,804","56,105","56,813","56,012","60,01K",1.21
10.12.2021,"56,127","55,599","56,358","55,580","67,76K",0.72
09.12.2021,"55,727","55,374","55,999","55,175","65,64K",0.72
08.12.2021,"55,327","56,027","56,364","55,256","73,52K",-1.43
07.12.2021,"56,128","56,890","56,890","56,085","73,12K",-1.34
06.12.2021,"56,891","56,532","57,029","56,350","74,38K",0.64
03.12.2021,"56,532","56,514","56,864","56,006","104,84K",0.12
02.12.2021,"56,462","56,632","56,790","56,139","98,57K",-0.87
01.12.2021,"56,955","56,243","56,959","55,770","83,43K",1.27
30.11.2021,"56,239","56,037","56,704","55,778","91,94K",0.4
29.11.2021,"56,017","56,085","56,403","55,794","63,30K",-0.14
26.11.2021,"56,093","56,561","56,561","55,719","86,29K",0.77
25.11.2021,"55,664","55,925","55,991","55,479","46,00K",-0.71
24.11.2021,"56,061","55,712","56,235","55,540","79,82K",0.63
23.11.2021,"55,712","55,854","56,636","55,672","81,61K",-0.27
22.11.2021,"55,865","56,013","56,144","55,620","65,81K",-0.48
19.11.2021,"56,135","55,782","56,151","55,208","71,11K",1.01
18.11.2021,"55,576","55,291","55,775","55,237","67,63K",0.51
17.11.2021,"55,292","54,986","55,359","54,655","86,98K",0.48
16.11.2021,"55,028","54,591","55,093","54,296","84,35K",0.83
15.11.2021,"54,575","54,570","54,580","54,570","0,01K",-0.02
12.11.2021,"54,588","54,044","54,686","53,927","66,90K",1.11
11.11.2021,"53,989","54,945","54,945","53,879","60,63K",-1.68
10.11.2021,"54,910","55,010","55,103","54,357","81,55K",0.19
09.11.2021,"54,804","55,477","55,495","54,559","79,60K",-1.15
08.11.2021,"55,440","55,667","55,979","55,328","57,87K",0.02
05.11.2021,"55,428","55,988","56,075","55,012","82,66K",-1.06
04.11.2021,"56,020","55,880","56,281","55,627","80,61K",0.89
03.11.2021,"55,525","56,807","57,000","55,447","117,85K",-2.24
02.11.2021,"56,795","56,849","56,849","56,800",,-0.04
01.11.2021,"56,815","56,221","56,888","56,206","76,19K",0.79
29.10.2021,"56,372","56,464","56,636","55,972","106,78K",-0.16
28.10.2021,"56,464","55,374","56,636","55,367","91,21K",1.96
27.10.2021,"55,380","55,668","55,924","55,367","92,77K",-0.51
26.10.2021,"55,666","55,557","56,068","55,466","94,28K",0.19
25.10.2021,"55,563","56,533","56,587","55,367","82,92K",-1.61
22.10.2021,"56,474","56,584","57,547","56,214","106,51K",-0.18
21.10.2021,"56,577","55,987","56,907","55,979","114,69K",1.08
20.10.2021,"55,975","55,851","56,026","55,198","116,34K",0.23
19.10.2021,"55,844","55,128","56,125","55,128","103,45K",1.32
18.10.2021,"55,117","54,576","55,434","54,576","78,21K",0.93
15.10.2021,"54,611","55,139","55,139","54,337","75,82K",-0.94
14.10.2021,"55,132","55,139","55,308","54,670","85,68K",0
13.10.2021,"55,133","55,368","55,737","54,988","103,23K",-0.35
12.10.2021,"55,325","55,370","55,372","55,328","0,01K",-0.08
11.10.2021,"55,367","55,073","55,445","54,946","80,33K",0.52
08.10.2021,"55,082","55,187","55,324","54,768","105,08K",-0.19
07.10.2021,"55,188","54,937","55,295","54,667","98,04K",0.5
06.10.2021,"54,912","54,770","55,381","54,755","124,78K",0.3
05.10.2021,"54,748","54,546","54,879","54,240","95,97K",0.39
04.10.2021,"54,535","53,614","54,593","53,614","103,70K",1.69
01.10.2021,"53,628","54,432","54,432","53,527","77,20K",-1.47
30.09.2021,"54,428","54,120","54,767","53,668","136,06K",0.51
29.09.2021,"54,152","54,292","54,471","53,913","110,85K",-0.26
28.09.2021,"54,293","53,920","54,521","53,863","107,57K",0.7
27.09.2021,"53,914","53,384","53,945","53,067","87,73K",1.07
24.09.2021,"53,344","53,039","53,549","53,023","72,83K",0.59
23.09.2021,"53,030","52,618","53,124","52,561","83,22K",0.27
22.09.2021,"52,888","52,706","53,191","52,495","110,07K",0.36
21.09.2021,"52,699","53,252","53,374","52,626","109,07K",-1.02
20.09.2021,"53,240","52,851","53,779","52,849","112,77K",0.68
17.09.2021,"52,883","52,568","53,472","52,509","84,53K",0.66
16.09.2021,"52,535","52,375","52,801","52,315","81,48K",0.61
15.09.2021,"52,219","52,408","52,722","52,148","76,31K",-0.34
14.09.2021,"52,398","52,393","52,642","51,980","101,04K",0.49
13.09.2021,"52,144","52,490","52,659","52,008","107,23K",-0.59
10.09.2021,"52,454","51,677","52,712","51,637","90,68K",0.92
09.09.2021,"51,976","53,252","53,347","51,930","125,46K",-2.33
08.09.2021,"53,214","52,016","53,344","51,955","79,55K",2.94
07.09.2021,"51,692","51,705","51,708","51,704",,0
06.09.2021,"51,693","51,920","52,126","51,547","46,65K",-0.41
03.09.2021,"51,908","51,830","52,017","51,310","89,28K",0.17
02.09.2021,"51,819","51,864","52,013","51,420","71,24K",-0.08
01.09.2021,"51,858","51,694","51,984","51,417","89,93K",0.71
31.08.2021,"51,492","51,845","51,973","51,154","78,31K",-0.67
30.08.2021,"51,840","51,999","52,266","51,817","78,41K",-0.3
27.08.2021,"51,996","52,577","52,615","51,869","86,03K",-1
26.08.2021,"52,522","52,097","52,676","52,097","92,89K",0.78
25.08.2021,"52,117","52,482","52,709","52,058","88,43K",-0.66
24.08.2021,"52,463","53,801","53,828","52,452","86,62K",-2.49
23.08.2021,"53,802","53,795","54,023","53,440","85,95K",0.06
20.08.2021,"53,770","54,155","54,757","53,656","105,85K",-0.69
19.08.2021,"54,142","54,187","54,560","53,795","136,01K",0.65
18.08.2021,"53,794","52,839","53,974","52,625","112,94K",1.6
17.08.2021,"52,948","52,820","53,046","52,358","106,12K",0.67
16.08.2021,"52,595","52,439","52,971","52,285","84,12K",0.25
13.08.2021,"52,466","52,532","52,816","52,198","87,19K",-0.11
12.08.2021,"52,524","52,193","52,618","52,089","95,19K",0.65
11.08.2021,"52,185","51,898","52,347","51,636","101,17K",0.56
10.08.2021,"51,895","52,334","52,631","51,847","107,03K",-0.83
09.08.2021,"52,331","52,325","52,993","52,146","107,42K",0.06
06.08.2021,"52,301","52,467","52,757","52,049","111,19K",-0.36
05.08.2021,"52,488","51,700","52,586","51,101","117,07K",1.55
04.08.2021,"51,685","51,975","52,463","51,649","91,69K",-0.54
03.08.2021,"51,967","51,708","52,750","51,651","113,38K",0.43
02.08.2021,"51,747","52,158","52,193","51,136","101,53K",-0.72
30.07.2021,"52,123","50,773","52,287","50,754","89,74K",2.58
29.07.2021,"50,812","51,165","51,165","50,406","92,46K",-0.67
28.07.2021,"51,157","51,710","51,926","51,040","112,11K",-1.03
27.07.2021,"51,690","51,769","52,061","51,486","92,09K",-0.14
26.07.2021,"51,761","52,051","52,304","51,516","68,85K",-0.47
23.07.2021,"52,006","51,858","52,332","51,583","97,04K",0.01
22.07.2021,"52,003","51,887","52,249","51,670","98,02K",0.25
21.07.2021,"51,874","52,413","52,782","51,806","97,75K",-0.63
20.07.2021,"52,205","52,526","52,950","52,017","102,82K",-0.6
19.07.2021,"52,519","51,185","52,591","51,185","121,33K",2.68
16.07.2021,"51,147","51,129","51,281","50,742","100,78K",0.09
15.07.2021,"51,100","50,715","51,389","50,530","102,67K",0.78
14.07.2021,"50,706","51,638","51,656","50,666","98,52K",-1.77
13.07.2021,"51,622","51,747","52,232","51,479","97,98K",-0.21
12.07.2021,"51,730","52,586","52,850","51,630","78,48K",-1.65
09.07.2021,"52,597","52,597","52,597","52,597",,0.03
08.07.2021,"52,579","52,315","53,145","52,186","108,74K",0.5
07.07.2021,"52,315","51,969","52,815","51,696","99,80K",0.67
06.07.2021,"51,969","50,968","52,175","50,753","89,93K",2.08
05.07.2021,"50,910","50,551","51,007","50,459","58,17K",0.66
02.07.2021,"50,575","50,507","50,745","49,875","79,12K",0.2
01.07.2021,"50,476","49,705","50,557","49,467","96,93K",1.59
30.06.2021,"49,686","49,566","50,241","49,527","82,78K",0.26
29.06.2021,"49,559","49,325","49,714","49,209","69,87K",0.64
28.06.2021,"49,244","49,307","49,724","49,171","75,97K",-0.18
25.06.2021,"49,335","49,143","49,750","48,929","78,08K",0.4
24.06.2021,"49,137","49,671","49,720","48,977","80,80K",-1.07
23.06.2021,"49,667","49,577","49,802","49,373","87,44K",0.19
22.06.2021,"49,574","50,143","50,459","49,569","79,06K",-1.11
21.06.2021,"50,130","50,753","50,824","50,129","75,28K",-1.5
18.06.2021,"50,894","50,077","51,100","49,815","173,66K",1.67
17.06.2021,"50,059","50,587","50,760","50,068","145,85K",-0.96
16.06.2021,"50,545","50,436","50,821","49,921","157,86K",0.21
15.06.2021,"50,437","50,601","51,052","50,378","115,38K",-0.32
14.06.2021,"50,601","51,153","51,190","50,539","90,90K",-1.11
11.06.2021,"51,171","50,590","51,395","50,530","109,84K",1.22
10.06.2021,"50,552","50,650","50,922","50,323","128,46K",-0.14
09.06.2021,"50,621","50,363","50,863","50,181","112,00K",0.59
08.06.2021,"50,325","50,468","50,689","50,205","101,33K",-0.25
07.06.2021,"50,451","50,466","50,703","50,172","101,83K",-0.09
04.06.2021,"50,495","51,135","51,154","50,320","111,35K",-0.55
03.06.2021,"50,775","50,786","50,786","50,780","0,02K",0.04
02.06.2021,"50,754","51,515","51,754","50,671","114,79K",-1.47
01.06.2021,"51,509","52,210","52,212","51,399","103,78K",-1.27
31.05.2021,"52,172","52,228","52,632","51,982","69,48K",-0.14
28.05.2021,"52,244","52,400","52,664","52,088","50,56K",-0.27
27.05.2021,"52,383","53,120","53,133","52,346","130,09K",-1.38
26.05.2021,"53,115","53,289","53,435","52,867","99,80K",-0.37
25.05.2021,"53,312","53,204","53,474","52,941","110,56K",0.26
24.05.2021,"53,175","53,664","53,746","53,095","94,87K",-0.82
21.05.2021,"53,617","52,843","53,710","52,703","117,38K",1.5
20.05.2021,"52,825","53,098","53,109","52,698","113,45K",-0.51
19.05.2021,"53,094","52,608","53,261","52,586","157,46K",0.93
18.05.2021,"52,605","52,754","52,814","52,298","124,01K",-0.24
17.05.2021,"52,729","52,725","53,205","52,442","126,95K",0
14.05.2021,"52,728","53,090","53,090","52,442","119,09K",-0.68
13.05.2021,"53,090","53,043","53,331","52,519","159,84K",0.05
12.05.2021,"53,061","52,227","53,198","52,105","162,59K",1.63
11.05.2021,"52,208","52,273","52,823","52,031","143,00K",-0.12
10.05.2021,"52,272","52,340","52,526","51,964","122,87K",-0.18
07.05.2021,"52,368","52,768","52,952","52,025","128,10K",-0.74
06.05.2021,"52,760","53,573","53,752","52,567","138,96K",-1.46
05.05.2021,"53,542","54,455","54,478","53,512","122,08K",-1.64
04.05.2021,"54,435","54,398","54,843","54,113","124,90K",0.03
03.05.2021,"54,420","54,360","54,561","53,727","119,13K",0.1
30.04.2021,"54,366","53,383","54,489","53,351","138,67K",1.86
29.04.2021,"53,375","53,428","53,798","53,274","130,19K",-0.1
28.04.2021,"53,430","54,526","54,561","53,429","150,99K",-1.95
27.04.2021,"54,490","54,366","54,673","54,097","139,03K",0.23
26.04.2021,"54,364","54,757","54,904","54,318","127,29K",-0.71
23.04.2021,"54,751","54,446","55,240","54,239","135,51K",0.56
22.04.2021,"54,448","55,669","55,669","54,373","170,09K",-2.23
21.04.2021,"55,690","55,692","55,695","55,692","0,00K",0.01
20.04.2021,"55,687","55,461","55,883","55,022","141,46K",0.41
19.04.2021,"55,461","55,873","56,224","55,262","143,03K",-0.76
16.04.2021,"55,883","56,142","56,781","55,658","128,32K",-0.5
15.04.2021,"56,162","56,540","56,603","55,951","126,64K",-0.64
14.04.2021,"56,526","57,180","57,359","56,452","137,43K",-1.12
13.04.2021,"57,166","57,340","57,562","56,629","130,08K",-0.29
12.04.2021,"57,333","56,822","57,425","56,300","106,38K",0.9
09.04.2021,"56,821","55,682","56,852","55,665","95,99K",1.98
08.04.2021,"55,720","56,136","56,174","55,381","118,68K",-0.75
07.04.2021,"56,143","55,904","56,550","55,474","121,65K",0.43
06.04.2021,"55,904","56,642","56,698","55,742","105,80K",-1.29
05.04.2021,"56,632","57,100","57,101","56,323","102,60K",-0.78
02.04.2021,"57,075","57,080","57,080","57,080",,0.01
01.04.2021,"57,071","56,330","57,276","56,080","77,22K",1.34
31.03.2021,"56,315","57,740","57,768","56,214","99,02K",-2.48
30.03.2021,"57,745","57,824","58,034","57,200","120,72K",-0.09
29.03.2021,"57,799","57,550","58,069","57,359","135,47K",0.4
26.03.2021,"57,566","56,473","57,589","56,448","122,43K",1.93
25.03.2021,"56,475","56,213","56,821","56,174","182,57K",0.47
24.03.2021,"56,209","55,216","56,432","54,891","153,97K",1.8
23.03.2021,"55,214","55,045","55,509","54,640","132,80K",0.31
22.03.2021,"55,045","55,087","55,483","54,936","103,85K",0.23
19.03.2021,"54,917","55,609","55,640","54,482","143,97K",-1.24
18.03.2021,"55,604","55,860","55,860","54,763","139,47K",-0.41
17.03.2021,"55,832","56,249","56,827","55,688","156,81K",-0.74
16.03.2021,"56,246","56,252","56,344","55,574","128,71K",0.16
15.03.2021,"56,156","55,501","56,568","55,310","131,95K",1.15
12.03.2021,"55,518","55,362","55,873","55,324","109,58K",0.29
11.03.2021,"55,357","56,078","56,215","55,257","133,82K",-2.4
10.03.2021,"56,720","57,902","58,144","56,443","180,37K",-2.25
09.03.2021,"58,025","58,753","58,787","57,675","186,79K",-1.24
08.03.2021,"58,755","56,898","58,769","56,898","206,04K",3.25
05.03.2021,"56,908","56,697","57,232","56,517","200,72K",0.38
04.03.2021,"56,693","55,700","56,852","55,438","185,24K",0.89
03.03.2021,"56,193","56,872","57,729","55,806","183,71K",-1
02.03.2021,"56,761","56,421","57,340","56,386","132,60K",0.61
01.03.2021,"56,418","55,870","56,427","55,553","125,05K",0.77
26.02.2021,"55,986","55,340","56,093","54,905","168,11K",1.23
25.02.2021,"55,308","54,450","55,390","54,173","183,87K",2.3
24.02.2021,"54,062","54,409","54,454","53,895","136,10K",-0.64
23.02.2021,"54,409","54,692","54,843","54,075","201,79K",-0.46
22.02.2021,"54,659","55,128","55,342","54,296","151,54K",1.55
19.02.2021,"53,823","54,267","54,706","53,670","130,38K",-0.82
18.02.2021,"54,270","53,877","54,535","53,854","128,84K",0.3
17.02.2021,"54,105","53,707","54,331","53,707","65,79K",0.76
16.02.2021,"53,695","53,685","53,707","53,685","0,00K",-0.01
15.02.2021,"53,701","53,701","53,701","53,701",,0.01
12.02.2021,"53,698","53,953","54,127","53,542","116,06K",0.06
11.02.2021,"53,665","53,882","54,118","53,330","145,59K",-0.36
10.02.2021,"53,860","53,790","54,378","53,485","149,78K",0.15
09.02.2021,"53,781","53,660","54,478","53,535","129,78K",0.23
08.02.2021,"53,657","54,040","54,208","53,042","131,74K",-0.09
05.02.2021,"53,704","54,270","54,562","53,436","114,36K",-1.04
04.02.2021,"54,266","53,552","54,571","53,544","124,01K",1.37
03.02.2021,"53,534","53,663","53,945","53,201","127,33K",-0.27
02.02.2021,"53,680","54,326","54,326","53,425","138,24K",-1.18
01.02.2021,"54,322","54,663","54,863","54,205","121,40K",-0.55
29.01.2021,"54,625","54,390","55,061","54,189","185,91K",0.4
28.01.2021,"54,410","54,250","54,604","53,898","187,81K",0.5
27.01.2021,"54,138","53,556","54,205","53,491","202,31K",1.09
26.01.2021,"53,552","54,711","54,783","53,119","134,58K",-2.04
25.01.2021,"54,665","54,670","54,670","54,670",,0
22.01.2021,"54,666","53,547","54,875","53,547","117,18K",2.17
21.01.2021,"53,506","52,544","54,006","52,314","123,90K",1.11
20.01.2021,"52,917","53,589","53,589","52,823","104,34K",-1.23
19.01.2021,"53,578","52,691","53,685","52,420","128,83K",1.17
18.01.2021,"52,957","53,025","53,229","52,355","74,51K",0.06
15.01.2021,"52,927","51,971","53,108","51,971","126,16K",1.85
14.01.2021,"51,967","52,991","53,034","51,910","160,39K",-1.93
13.01.2021,"52,990","53,233","53,550","52,702","179,94K",-0.44
12.01.2021,"53,226","54,893","54,942","53,116","156,05K",-3.03
11.01.2021,"54,890","54,666","55,166","54,491","154,34K",1.31
08.01.2021,"54,178","54,108","54,408","53,208","191,81K",0.14
07.01.2021,"54,101","53,169","54,187","52,989","169,63K",1.81
06.01.2021,"53,139","52,863","53,597","52,318","225,65K",0.54
05.01.2021,"52,854","52,955","53,547","52,515","179,01K",-0.22
04.01.2021,"52,968","51,351","52,972","51,197","163,79K",1.98
01.01.2021,"51,940","51,940","51,940","51,940",,0
31.12.2020,"51,940","51,940","51,940","51,940",,0.01
30.12.2020,"51,937","52,051","52,361","51,519","88,73K",-0.31
29.12.2020,"52,099","52,460","52,473","51,645","105,57K",-0.69
28.12.2020,"52,461","51,784","53,124","51,639","101,12K",0.56
25.12.2020,"52,167","52,167","52,167","52,167",,0
24.12.2020,"52,165","52,168","52,168","52,168",,0
23.12.2020,"52,164","51,604","52,215","51,287","118,18K",1.1
22.12.2020,"51,597","51,220","51,731","51,094","135,36K",0.73
21.12.2020,"51,222","52,012","52,250","51,122","134,51K",0.39
18.12.2020,"51,022","50,592","51,177","50,592","136,13K",0.87
17.12.2020,"50,582","50,601","50,890","50,421","106,34K",-0.5
16.12.2020,"50,838","50,823","51,440","50,645","126,86K",-0.01
15.12.2020,"50,842","51,145","51,248","50,761","103,74K",-0.68
14.12.2020,"51,189","50,383","51,307","50,100","113,97K",1.05
11.12.2020,"50,656","50,438","50,886","50,288","117,43K",0.8
10.12.2020,"50,256","51,109","51,328","50,143","138,49K",-2.81
09.12.2020,"51,708","51,206","51,981","50,868","132,36K",0.99
08.12.2020,"51,202","51,000","51,392","50,627","118,78K",0.42
07.12.2020,"50,990","51,597","51,701","50,570","111,66K",-1.1
04.12.2020,"51,557","51,540","51,846","51,164","106,16K",0.08
03.12.2020,"51,515","52,178","52,310","51,209","117,93K",-1.26
02.12.2020,"52,175","52,252","52,554","52,059","103,51K",0.22
01.12.2020,"52,061","53,158","53,301","52,031","122,34K",-2.36
30.11.2020,"53,319","52,906","53,971","52,737","121,58K",-0.22
27.11.2020,"53,438","53,360","53,801","53,195","69,73K",0.14
26.11.2020,"53,365","53,198","53,584","52,955","48,26K",0.24
25.11.2020,"53,237","53,740","53,956","53,037","100,20K",-0.93
24.11.2020,"53,736","54,409","54,450","53,703","91,58K",-1.2
23.11.2020,"54,390","53,780","54,507","53,387","119,52K",1.1
20.11.2020,"53,797","52,913","53,959","52,847","99,71K",1.4
19.11.2020,"53,054","53,633","53,805","52,972","112,58K",-1.07
18.11.2020,"53,629","53,285","53,725","52,740","126,97K",0.65
17.11.2020,"53,281","54,165","54,233","53,221","120,52K",-1.61
16.11.2020,"54,152","54,148","54,584","53,636","133,56K",-0.79
13.11.2020,"54,582","54,580","55,264","54,497","122,14K",0
12.11.2020,"54,581","54,160","54,904","53,526","138,19K",1.24
11.11.2020,"53,910","54,180","54,571","53,738","121,57K",-0.44
10.11.2020,"54,147","53,737","54,190","53,345","192,18K",0.54
09.11.2020,"53,858","52,746","54,260","52,235","202,44K",0.39
06.11.2020,"53,647","55,255","55,742","53,586","166,00K",-2.9
05.11.2020,"55,250","56,129","56,310","55,223","146,37K",-2.45
04.11.2020,"56,635","57,565","57,655","56,434","134,76K",-1.61
03.11.2020,"57,560","56,964","57,667","56,487","107,43K",0.24
02.11.2020,"57,425","57,430","57,430","57,430",,-0.04
30.10.2020,"57,446","57,781","58,084","57,217","169,76K",-0.6
29.10.2020,"57,790","57,466","57,923","57,439","151,21K",0.58
28.10.2020,"57,457","57,060","57,927","57,017","200,63K",0.7
27.10.2020,"57,055","56,243","57,127","55,986","102,77K",1.47
26.10.2020,"56,229","56,551","56,638","56,100","119,59K",0.1
23.10.2020,"56,175","55,929","56,354","55,651","103,42K",0.5
22.10.2020,"55,893","56,088","56,264","55,627","118,23K",-0.31
21.10.2020,"56,066","56,058","56,294","55,707","130,39K",0.02
20.10.2020,"56,054","56,103","56,267","55,472","130,23K",-0.03
19.10.2020,"56,069","56,463","56,503","55,665","123,91K",-0.64
16.10.2020,"56,428","56,097","56,549","55,975","104,67K",0.54
15.10.2020,"56,126","55,958","56,483","55,886","144,04K",0.38
14.10.2020,"55,912","55,729","56,055","55,349","127,89K",0.39
13.10.2020,"55,693","55,263","56,262","55,210","131,78K",0.68
12.10.2020,"55,316","55,316","55,316","55,316",,0
09.10.2020,"55,318","56,000","56,013","55,104","116,89K",-1.19
08.10.2020,"55,987","56,128","56,469","55,761","132,28K",-0.2
07.10.2020,"56,097","55,613","56,396","55,507","153,56K",0.3
06.10.2020,"55,930","55,745","56,174","54,830","174,53K",0.34
05.10.2020,"55,743","56,498","56,774","55,500","122,12K",-1.95
02.10.2020,"56,851","56,433","56,929","56,072","168,04K",0.73
01.10.2020,"56,437","56,109","56,652","55,739","148,01K",0.58
30.09.2020,"56,112","56,352","56,705","55,870","183,30K",-0.41
29.09.2020,"56,344","56,614","56,786","56,061","163,25K",-0.5
28.09.2020,"56,627","55,135","56,760","55,127","130,06K",1.8
25.09.2020,"55,624","55,097","55,890","55,097","139,29K",0.97
24.09.2020,"55,089","55,930","56,243","54,926","177,56K",-1.53
23.09.2020,"55,943","54,702","55,991","54,700","136,86K",2.26
22.09.2020,"54,704","54,146","54,967","53,828","150,16K",1.06
21.09.2020,"54,131","54,511","54,979","53,876","142,42K",0.47
18.09.2020,"53,876","52,397","53,988","52,391","129,11K",2.83
17.09.2020,"52,394","52,379","52,924","52,264","128,05K",0.03
16.09.2020,"52,377","52,762","52,785","52,102","136,75K",-0.7
15.09.2020,"52,748","52,698","53,016","52,192","126,53K",0.08
14.09.2020,"52,706","53,191","53,235","52,613","108,01K",-0.91
11.09.2020,"53,189","53,209","53,495","52,583","120,76K",-0.04
10.09.2020,"53,210","53,095","53,325","52,681","130,50K",0.25
09.09.2020,"53,078","53,615","53,620","52,785","103,16K",-1.04
08.09.2020,"53,638","53,608","54,096","53,156","147,82K",1.21
07.09.2020,"52,997","52,997","52,997","52,997",,-0.03
04.09.2020,"53,012","52,901","53,285","52,465","145,33K",0.19
03.09.2020,"52,914","53,408","53,752","52,722","150,52K",-0.92
02.09.2020,"53,403","53,987","54,309","53,407","125,49K",-1.03
01.09.2020,"53,960","54,927","54,927","53,344","110,74K",-1.74
31.08.2020,"54,914","53,850","54,955","53,850","99,21K",1.92
28.08.2020,"53,881","55,700","55,702","53,855","113,32K",-3.25
27.08.2020,"55,691","56,060","56,223","55,435","141,64K",-0.65
26.08.2020,"56,054","55,090","56,342","55,089","106,65K",1.78
25.08.2020,"55,075","56,112","56,136","55,049","102,60K",-1.83
24.08.2020,"56,100","55,773","56,148","55,589","88,21K",-0.16
21.08.2020,"56,192","55,587","56,332","55,554","102,64K",1.12
20.08.2020,"55,568","55,573","56,733","55,381","126,75K",-0.01
19.08.2020,"55,575","54,674","55,619","54,345","107,21K",1.66
18.08.2020,"54,666","55,098","55,168","54,206","97,98K",-0.77
17.08.2020,"55,090","54,410","55,149","54,089","96,37K",1.63
14.08.2020,"54,204","53,699","54,422","53,573","108,86K",0.96
13.08.2020,"53,690","54,356","54,362","53,490","114,20K",-1.18
12.08.2020,"54,333","53,819","54,925","53,819","115,28K",0.99
11.08.2020,"53,800","54,809","54,822","53,716","129,16K",-1.85
10.08.2020,"54,812","54,395","54,907","53,517","103,33K",0.79
07.08.2020,"54,383","53,442","54,394","53,401","94,66K",2
06.08.2020,"53,315","52,915","53,721","52,915","97,53K",0.78
05.08.2020,"52,902","52,439","53,204","52,317","105,88K",0
04.08.2020,"52,900","53,205","53,775","52,744","104,60K",-0.59
03.08.2020,"53,213","52,223","53,364","52,115","90,48K",1.86
31.07.2020,"52,240","51,541","52,298","51,531","100,17K",1.37
30.07.2020,"51,534","51,705","52,165","51,435","103,91K",-0.31
29.07.2020,"51,692","51,383","51,845","51,145","102,56K",0.31
28.07.2020,"51,533","51,493","52,045","51,346","100,20K",0.17
27.07.2020,"51,447","52,332","52,332","51,410","93,03K",-1.69
24.07.2020,"52,329","52,127","52,533","51,596","131,85K",0.42
23.07.2020,"52,112","51,191","52,262","51,188","137,93K",1.85
22.07.2020,"51,166","51,707","52,028","50,827","108,58K",-1.06
21.07.2020,"51,713","53,291","53,291","51,647","120,19K",-2.95
20.07.2020,"53,283","53,870","53,913","53,269","92,53K",-1.05
17.07.2020,"53,849","53,243","53,923","53,155","85,14K",1.01
16.07.2020,"53,311","53,697","53,928","53,064","105,74K",-0.72
15.07.2020,"53,698","53,096","53,910","52,917","111,15K",0.04
14.07.2020,"53,674","54,032","54,542","53,306","147,55K",-0.68
13.07.2020,"54,040","53,130","54,098","53,105","105,92K",1.51
10.07.2020,"53,238","53,390","53,946","53,128","123,63K",-0.33
09.07.2020,"53,413","53,450","53,788","52,450","135,24K",-0.02
08.07.2020,"53,422","53,840","53,941","53,178","120,12K",-0.68
07.07.2020,"53,790","53,559","54,017","52,880","110,18K",0.43
06.07.2020,"53,562","53,150","53,592","52,609","93,06K",0.76
03.07.2020,"53,158","53,523","53,807","53,047","67,23K",-0.82
02.07.2020,"53,596","53,185","53,752","52,656","113,98K",0.79
01.07.2020,"53,174","54,660","54,763","52,985","101,37K",-2.72
30.06.2020,"54,661","54,005","55,082","54,005","106,56K",1.16
29.06.2020,"54,034","54,847","54,847","53,892","123,46K",-1.47
26.06.2020,"54,840","53,608","54,931","53,608","134,75K",2.39
25.06.2020,"53,561","53,476","53,802","52,663","139,70K",0.18
24.06.2020,"53,467","51,525","53,549","51,525","141,75K",3.73
23.06.2020,"51,542","52,524","52,537","51,336","103,45K",-1.87
22.06.2020,"52,524","52,904","52,968","51,972","110,56K",-1.09
19.06.2020,"53,105","53,780","53,821","52,881","139,44K",-1.25
18.06.2020,"53,776","52,291","53,884","52,277","136,42K",2.85
17.06.2020,"52,286","52,446","52,716","51,814","131,61K",-0.27
16.06.2020,"52,430","51,173","52,549","50,477","177,79K",1.69
15.06.2020,"51,557","51,314","52,260","50,786","162,46K",2.08
12.06.2020,"50,505","49,774","51,118","49,765","176,63K",1.5
11.06.2020,"49,760","49,740","49,765","49,740","0,00K",0.06
10.06.2020,"49,732","49,000","49,789","48,380","135,72K",1.51
09.06.2020,"48,992","48,229","49,359","48,229","112,82K",1.58
08.06.2020,"48,230","49,619","49,774","48,175","102,97K",-2.73
05.06.2020,"49,585","51,186","51,196","49,328","119,45K",-3.14
04.06.2020,"51,190","50,624","51,418","50,244","130,19K",1.12
03.06.2020,"50,622","52,007","52,109","50,159","115,09K",-2.68
02.06.2020,"52,014","53,672","53,700","51,989","89,48K",-3.02
01.06.2020,"53,633","53,340","54,196","53,100","99,54K",0.51
29.05.2020,"53,361","54,049","54,630","53,190","119,11K",-1.27
28.05.2020,"54,045","52,743","54,113","52,743","105,35K",2.49
27.05.2020,"52,733","53,418","53,610","52,691","102,88K",-1.34
26.05.2020,"53,450","54,432","54,432","53,340","104,03K",-1.86
25.05.2020,"54,461","54,942","55,301","54,321","60,09K",-1.58
22.05.2020,"55,338","55,536","56,256","55,229","105,55K",-0.3
21.05.2020,"55,507","56,925","57,062","55,473","90,88K",-2.49
20.05.2020,"56,925","57,559","57,572","56,694","85,84K",-1.07
19.05.2020,"57,540","57,192","57,687","56,820","99,88K",0.61
18.05.2020,"57,190","58,565","58,565","56,942","82,46K",-2.33
15.05.2020,"58,554","58,110","58,734","57,590","118,18K",0.76
14.05.2020,"58,115","59,248","59,718","58,022","118,51K",-1.25
13.05.2020,"58,852","58,863","59,440","58,176","95,62K",-0.01
12.05.2020,"58,856","58,190","58,949","57,420","82,42K",1.16
11.05.2020,"58,180","57,825","58,404","57,651","77,67K",1.5
08.05.2020,"57,319","58,123","58,285","57,178","86,98K",-1.69
07.05.2020,"58,307","57,158","58,770","57,158","103,44K",2.04
06.05.2020,"57,140","55,750","57,235","55,750","71,70K",2.43
05.05.2020,"55,783","55,424","56,044","54,818","82,01K",0.6
04.05.2020,"55,450","56,141","56,143","55,187","88,46K",1.08
01.05.2020,"54,856","54,861","54,861","54,861",,0
30.04.2020,"54,858","53,346","54,875","53,306","86,78K",2.83
29.04.2020,"53,348","55,019","55,280","53,340","97,77K",-3
28.04.2020,"54,999","56,085","56,221","54,710","105,68K",-2.7
27.04.2020,"56,526","55,427","57,260","55,345","105,40K",1.11
24.04.2020,"55,907","55,339","57,484","55,339","121,53K",1.03
23.04.2020,"55,335","54,557","55,567","54,008","120,50K",1.38
22.04.2020,"54,580","53,184","54,644","53,028","86,28K",2.67
21.04.2020,"53,163","53,172","53,176","53,166","0,01K",-0.01
20.04.2020,"53,168","52,864","53,201","52,642","80,53K",1.54
17.04.2020,"52,363","52,341","52,761","52,066","84,20K",0.06
16.04.2020,"52,333","52,336","52,683","52,007","85,45K",-0.06
15.04.2020,"52,367","52,228","52,684","52,157","77,63K",1.45
14.04.2020,"51,621","51,811","52,123","51,484","77,50K",-0.72
13.04.2020,"51,994","51,219","52,088","51,038","72,28K",1.82
10.04.2020,"51,063","51,068","51,068","51,068",,-0.01
09.04.2020,"51,070","51,260","51,533","50,487","85,73K",-0.32
08.04.2020,"51,233","52,237","52,489","51,112","74,27K",-1.88
07.04.2020,"52,214","52,817","52,868","51,819","82,69K",-1.23
06.04.2020,"52,863","52,998","53,114","52,235","76,79K",-1.2
03.04.2020,"53,506","52,566","53,541","52,557","62,52K",1.85
02.04.2020,"52,533","52,485","52,850","52,221","66,62K",0.08
01.04.2020,"52,493","52,252","52,747","52,210","61,41K",0.86
31.03.2020,"52,046","51,881","52,150","51,680","74,43K",0.21
30.03.2020,"51,936","51,180","51,961","51,128","63,78K",1.84
27.03.2020,"50,997","50,235","51,283","50,235","94,83K",1.55
26.03.2020,"50,219","50,353","50,657","49,733","96,88K",-0.29
25.03.2020,"50,366","51,004","51,115","49,726","95,40K",-1.23
24.03.2020,"50,995","51,441","51,441","50,420","71,51K",-0.88
23.03.2020,"51,447","50,616","51,464","50,045","84,64K",1.59
20.03.2020,"50,640","50,015","50,659","49,827","77,99K",-0.63
19.03.2020,"50,960","51,098","52,133","50,679","67,76K",-0.23
18.03.2020,"51,075","50,099","52,550","50,082","55,97K",1.95
17.03.2020,"50,100","50,370","50,881","49,607","106,49K",0.19
16.03.2020,"50,005","48,593","50,683","48,593","91,75K",2.9
13.03.2020,"48,596","47,100","48,816","46,426","98,50K",1.42
12.03.2020,"47,916","48,154","50,284","47,496","47,02K",-0.49
11.03.2020,"48,152","46,406","48,289","46,406","95,78K",3.69
10.03.2020,"46,439","46,741","46,881","46,352","87,43K",-1.71
09.03.2020,"47,246","47,601","47,954","47,064","91,76K",2.1
06.03.2020,"46,272","46,355","46,713","46,101","102,73K",0.43
05.03.2020,"46,076","45,988","46,666","45,839","80,88K",0.49
04.03.2020,"45,850","45,133","45,880","45,019","68,83K",1.55
03.03.2020,"45,148","44,744","45,183","44,517","98,73K",0.9
02.03.2020,"44,744","44,950","45,065","44,692","70,01K",0.02
28.02.2020,"44,735","45,067","45,138","44,634","114,12K",-0.29
27.02.2020,"44,863","44,485","45,015","44,461","104,87K",0.8
26.02.2020,"44,505","43,875","44,553","43,875","57,73K",1.42
25.02.2020,"43,883","43,883","43,883","43,875","0,00K",0
24.02.2020,"43,883","43,883","43,883","43,883","0,00K",-0.03
21.02.2020,"43,897","43,941","44,066","43,700","46,31K",-0.09
20.02.2020,"43,935","43,651","43,981","43,573","51,08K",0.65
19.02.2020,"43,653","43,567","43,778","43,564","35,81K",0.22
18.02.2020,"43,559","43,281","43,641","43,252","37,33K",0.66
17.02.2020,"43,272","42,999","43,317","42,968","24,48K",0.69
14.02.2020,"42,976","43,506","43,506","42,903","47,43K",-1.21
13.02.2020,"43,502","43,552","43,834","43,075","58,31K",-0.11
12.02.2020,"43,552","43,323","43,557","43,231","43,05K",0.54
11.02.2020,"43,318","43,250","43,405","42,962","54,07K",0.15
10.02.2020,"43,251","43,204","43,289","43,034","42,52K",0.1
07.02.2020,"43,206","42,825","43,238","42,794","57,71K",0.89
06.02.2020,"42,825","42,356","42,862","42,083","55,57K",1.1
05.02.2020,"42,357","42,555","42,611","42,257","41,77K",-0.45
04.02.2020,"42,547","42,478","42,622","42,228","40,28K",0.16
03.02.2020,"42,480","42,805","42,830","42,294","41,59K",-0.8
31.01.2020,"42,824","42,440","42,904","42,440","66,32K",0.92
30.01.2020,"42,432","42,305","42,722","42,304","68,01K",0.3
29.01.2020,"42,306","41,950","42,326","41,806","49,77K",0.86
28.01.2020,"41,945","42,111","42,164","41,863","49,05K",-0.31
27.01.2020,"42,077","41,835","42,317","41,799","54,32K",0.62
24.01.2020,"41,816","41,706","41,916","41,646","47,03K",0.26
23.01.2020,"41,707","41,829","41,904","41,551","43,72K",-0.29
22.01.2020,"41,829","42,011","42,056","41,716","37,24K",-0.71
21.01.2020,"42,126","41,885","42,174","41,826","42,22K",0.53
20.01.2020,"41,902","41,654","41,917","41,624","18,50K",0.68
17.01.2020,"41,620","41,851","41,935","41,584","51,64K",-0.55
16.01.2020,"41,851","41,754","42,006","41,585","58,63K",0.23
15.01.2020,"41,756","41,313","41,859","41,303","49,45K",1.03
14.01.2020,"41,330","41,477","41,616","41,205","51,17K",-0.34
13.01.2020,"41,469","40,894","41,469","40,877","41,20K",1.24
10.01.2020,"40,962","40,938","41,045","40,612","40,92K",0.08
09.01.2020,"40,928","40,647","40,933","40,570","44,33K",0.69
08.01.2020,"40,649","40,677","40,784","40,396","51,89K",-0.07
07.01.2020,"40,679","40,622","40,924","40,543","36,55K",0.15
06.01.2020,"40,618","40,565","40,743","40,458","31,86K",-0.13
03.01.2020,"40,672","40,253","40,718","40,253","43,89K",1.02
02.01.2020,"40,263","40,198","40,412","40,032","31,67K",0.17
01.01.2020,"40,195","40,195","40,195","40,195",,0
31.12.2019,"40,195","40,201","40,201","40,195","0,00K",0
30.12.2019,"40,195","40,484","40,484","40,084","23,18K",-0.65
27.12.2019,"40,459","40,567","40,614","40,339","26,83K",-0.25
26.12.2019,"40,560","40,827","40,827","40,453","23,72K",-0.68
25.12.2019,"40,838","40,838","40,838","40,838",,0
24.12.2019,"40,838","40,838","40,838","40,838",,0
23.12.2019,"40,836","41,015","41,015","40,571","28,35K",-0.46
20.12.2019,"41,025","40,706","41,025","40,576","38,26K",0.81
19.12.2019,"40,697","40,633","40,703","40,503","32,92K",0.16
18.12.2019,"40,634","40,687","40,764","40,463","35,09K",-0.21
17.12.2019,"40,718","40,631","40,779","40,503","30,89K",0.21
16.12.2019,"40,632","41,096","41,096","40,544","32,11K",-1.1
13.12.2019,"41,082","40,913","41,178","40,751","54,45K",0.43
12.12.2019,"40,908","41,241","41,311","40,813","55,40K",-0.81
11.12.2019,"41,242","41,466","41,470","41,067","42,58K",-0.55
10.12.2019,"41,470","41,429","41,513","41,323","40,12K",0.11
09.12.2019,"41,425","41,417","41,608","41,229","32,29K",0.03
06.12.2019,"41,414","41,859","41,947","41,330","43,08K",-1.07
05.12.2019,"41,860","42,080","42,236","41,764","38,57K",-0.52
04.12.2019,"42,080","42,056","42,104","41,817","42,35K",0.03
03.12.2019,"42,066","42,237","42,245","41,840","46,41K",-0.4
02.12.2019,"42,234","42,365","42,536","42,070","45,71K",-0.31
29.11.2019,"42,367","41,896","42,457","41,824","43,33K",1.11
28.11.2019,"41,903","42,643","42,659","41,900","39,54K",-1.72
27.11.2019,"42,638","42,294","42,709","42,264","38,00K",0.72
26.11.2019,"42,332","42,271","42,773","42,271","60,57K",0.15
25.11.2019,"42,269","41,989","42,311","41,868","37,93K",0.72
22.11.2019,"41,966","41,943","42,011","41,719","43,23K",0.08
21.11.2019,"41,932","41,951","42,241","41,821","56,82K",-0.08
20.11.2019,"41,965","41,942","41,980","41,942","0,01K",0.05
19.11.2019,"41,945","42,055","42,194","41,851","50,31K",-0.56
18.11.2019,"42,180","41,780","42,197","41,692","40,67K",0.52
15.11.2019,"41,962","41,962","41,962","41,962",,0.03
14.11.2019,"41,951","41,700","41,989","41,617","50,26K",0.59
13.11.2019,"41,705","41,694","41,900","41,625","57,75K",0.07
12.11.2019,"41,677","41,531","41,877","41,421","62,53K",0.38
11.11.2019,"41,518","41,667","41,713","41,351","37,99K",-0.28
08.11.2019,"41,635","41,143","41,707","41,079","56,33K",1.53
07.11.2019,"41,007","40,833","41,035","40,413","61,38K",0.42
06.11.2019,"40,837","39,936","40,903","39,747","58,59K",2.25
05.11.2019,"39,938","40,125","40,239","39,828","44,96K",-0.54
04.11.2019,"40,156","39,886","40,198","39,743","38,79K",0.63
01.11.2019,"39,904","40,179","40,208","39,691","55,39K",-0.7
31.10.2019,"40,184","39,932","40,383","39,638","50,33K",0.69
30.10.2019,"39,909","40,000","40,331","39,823","51,74K",-0.19
29.10.2019,"39,986","39,915","40,052","39,834","45,45K",0.19
28.10.2019,"39,910","40,027","40,097","39,725","39,48K",-0.32
25.10.2019,"40,038","40,427","40,427","39,913","44,12K",-0.93
24.10.2019,"40,414","40,380","40,465","39,994","48,65K",0.17
23.10.2019,"40,345","40,812","40,930","40,274","50,87K",-1.16
22.10.2019,"40,819","41,291","41,313","40,598","57,61K",-1.15
21.10.2019,"41,294","41,114","41,524","41,114","42,19K",0.43
18.10.2019,"41,118","41,646","41,667","41,098","53,80K",-1.26
17.10.2019,"41,643","41,519","41,818","41,269","59,77K",0.3
16.10.2019,"41,518","41,801","41,878","41,476","50,11K",-0.69
15.10.2019,"41,807","41,261","41,814","41,210","46,29K",1.31
14.10.2019,"41,265","41,073","41,383","41,073","27,88K",0.41
11.10.2019,"41,097","41,070","41,261","40,802","67,43K",0
10.10.2019,"41,095","41,101","41,377","40,891","67,57K",-0.02
09.10.2019,"41,104","40,965","41,120","40,705","51,23K",0.37
08.10.2019,"40,954","41,074","41,137","40,739","57,47K",-0.28
07.10.2019,"41,071","40,563","41,096","40,560","49,72K",1.27
04.10.2019,"40,556","40,845","40,856","40,496","53,21K",-0.7
03.10.2019,"40,840","41,296","41,305","40,743","56,83K",-1.1
02.10.2019,"41,293","41,580","41,821","41,270","51,36K",-0.72
01.10.2019,"41,591","41,576","41,862","41,524","48,79K",0.08
30.09.2019,"41,556","41,618","41,720","41,411","38,76K",-0.11
27.09.2019,"41,602","41,706","41,712","41,437","45,22K",-0.26
26.09.2019,"41,711","41,475","41,733","41,208","51,66K",0.53
25.09.2019,"41,491","41,648","41,956","41,448","50,50K",-0.38
24.09.2019,"41,650","41,643","41,842","41,531","50,14K",0.03
23.09.2019,"41,638","41,495","41,850","41,447","38,40K",0.38
20.09.2019,"41,480","41,678","41,842","41,461","58,31K",-0.48
19.09.2019,"41,678","41,109","41,688","41,076","51,43K",1.38
18.09.2019,"41,112","40,779","41,147","40,726","51,73K",0.82
17.09.2019,"40,777","40,944","41,170","40,708","48,23K",-0.08
16.09.2019,"40,810","40,854","41,070","40,745","39,02K",-0.1
13.09.2019,"40,849","40,615","40,959","40,429","44,45K",0.59
12.09.2019,"40,608","40,682","40,712","40,266","55,21K",-0.18
11.09.2019,"40,680","40,814","40,928","40,507","46,98K",-0.31
10.09.2019,"40,808","40,963","41,302","40,793","60,88K",-0.35
09.09.2019,"40,953","40,639","41,050","40,480","47,06K",0.82
06.09.2019,"40,618","41,094","41,094","40,531","54,47K",-1.16
05.09.2019,"41,095","40,960","41,159","40,703","49,62K",0.35
04.09.2019,"40,951","41,675","41,677","40,887","54,41K",-1.75
03.09.2019,"41,681","41,860","41,861","41,497","63,97K",-0.45
02.09.2019,"41,871","41,444","41,901","41,414","27,28K",1.01
30.08.2019,"41,454","41,699","41,715","41,197","69,27K",-0.56
29.08.2019,"41,687","41,692","41,776","41,413","75,68K",0.01
28.08.2019,"41,682","41,265","41,690","41,265","74,17K",0.9
27.08.2019,"41,311","41,579","41,954","41,212","90,45K",-0.63
26.08.2019,"41,571","41,192","41,691","41,022","70,70K",0.91
23.08.2019,"41,198","40,703","41,320","40,493","116,83K",1.21
22.08.2019,"40,707","40,262","40,811","40,160","74,36K",1.09
21.08.2019,"40,269","40,546","40,551","40,129","69,70K",-0.67
20.08.2019,"40,542","40,754","40,761","40,268","73,23K",-0.49
19.08.2019,"40,743","40,023","40,758","39,897","70,32K",1.71
16.08.2019,"40,058","39,918","40,080","39,749","57,97K",0.37
15.08.2019,"39,910","40,503","40,516","39,785","87,28K",-1.52
14.08.2019,"40,526","39,639","40,539","39,624","79,78K",2.18
13.08.2019,"39,660","39,862","40,136","39,454","83,06K",-0.49
12.08.2019,"39,855","39,393","40,126","39,382","62,76K",1.11
09.08.2019,"39,416","39,203","39,504","39,200","64,83K",0.55
08.08.2019,"39,199","39,694","39,703","39,184","68,63K",-1.24
07.08.2019,"39,691","39,619","39,931","39,448","75,52K",0.2
06.08.2019,"39,612","39,758","39,866","39,356","71,00K",-0.43
05.08.2019,"39,783","38,859","39,786","38,859","75,39K",2.29
02.08.2019,"38,893","38,411","38,937","38,397","68,81K",1.28
01.08.2019,"38,403","38,165","38,618","38,115","77,21K",0.72
31.07.2019,"38,129","37,897","38,236","37,474","72,76K",0.59
30.07.2019,"37,906","37,824","38,000","37,751","36,17K",0.24
29.07.2019,"37,816","37,751","38,007","37,750","33,87K",0.14
26.07.2019,"37,762","37,794","37,946","37,592","42,49K",-0.07
25.07.2019,"37,790","37,743","38,067","37,545","48,58K",0.14
24.07.2019,"37,736","37,750","37,797","37,520","30,65K",0
23.07.2019,"37,737","37,405","37,794","37,402","37,22K",0.88
22.07.2019,"37,407","37,456","37,481","37,288","28,36K",-0.23
19.07.2019,"37,494","37,199","37,550","37,199","40,36K",0.81
18.07.2019,"37,194","37,645","37,645","37,179","35,30K",-1.19
17.07.2019,"37,641","37,693","37,693","37,542","29,73K",-0.12
16.07.2019,"37,687","37,559","37,717","37,515","37,83K",0.32
15.07.2019,"37,567","37,367","37,588","37,281","32,87K",0.52
12.07.2019,"37,373","37,577","37,644","37,304","40,56K",-0.47
11.07.2019,"37,551","37,549","37,675","37,346","48,46K",0.01
10.07.2019,"37,546","37,882","37,941","37,495","52,11K",-1.21
09.07.2019,"38,005","38,076","38,076","38,005","0,07K",-0.18
08.07.2019,"38,073","38,160","38,179","37,991","34,33K",-0.39
05.07.2019,"38,221","38,024","38,386","37,976","48,09K",0.55
04.07.2019,"38,011","38,265","38,293","37,828","41,81K",-0.68
03.07.2019,"38,272","38,468","38,758","38,150","70,45K",-0.48
02.07.2019,"38,456","38,412","38,813","38,182","74,79K",0.13
01.07.2019,"38,405","38,375","38,488","38,086","44,43K",-0.3
28.06.2019,"38,520","38,189","38,520","38,128","43,82K",0.85
27.06.2019,"38,196","38,461","38,728","38,171","52,24K",-0.65
26.06.2019,"38,445","38,480","38,590","38,315","48,08K",-0.09
25.06.2019,"38,480","38,264","38,590","38,182","51,71K",0.59
24.06.2019,"38,254","38,216","38,381","38,065","38,98K",0.16
21.06.2019,"38,192","38,313","38,458","38,119","50,41K",-0.52
20.06.2019,"38,390","38,387","38,397","38,387",,0
19.06.2019,"38,390","38,603","38,840","38,376","60,72K",-0.55
18.06.2019,"38,604","38,899","38,899","38,490","54,00K",-0.72
17.06.2019,"38,883","38,966","39,245","38,792","58,87K",-0.2
14.06.2019,"38,959","38,491","39,135","38,479","71,56K",1.23
13.06.2019,"38,487","38,670","38,675","38,342","53,70K",-0.48
12.06.2019,"38,672","38,574","38,723","38,294","54,99K",0.26
11.06.2019,"38,571","38,871","38,871","38,421","50,35K",-0.81
10.06.2019,"38,887","38,763","39,002","38,674","48,90K",0.25
07.06.2019,"38,789","38,806","38,864","38,505","58,91K",-0.03
06.06.2019,"38,799","38,812","38,879","38,563","72,08K",-0.03
05.06.2019,"38,811","38,568","39,036","38,357","76,72K",0.68
04.06.2019,"38,548","38,857","38,899","38,486","69,58K",-0.8
03.06.2019,"38,859","39,233","39,349","38,823","78,04K",-0.94
31.05.2019,"39,228","39,802","39,988","39,090","82,06K",-1.48
30.05.2019,"39,818","39,743","39,931","39,542","62,35K",0.18
29.05.2019,"39,747","40,247","40,408","39,677","60,92K",-1.24
28.05.2019,"40,247","40,432","40,539","40,101","67,45K",-0.44
27.05.2019,"40,423","40,134","40,440","40,042","28,46K",0.49
24.05.2019,"40,225","40,425","40,485","40,092","61,17K",-0.44
23.05.2019,"40,401","40,405","40,717","40,255","70,94K",0
22.05.2019,"40,403","40,383","40,531","40,062","73,69K",0.03
21.05.2019,"40,390","40,966","41,136","40,329","74,18K",-1.41
20.05.2019,"40,968","41,014","41,217","40,774","82,87K",-0.08
17.05.2019,"40,999","40,480","41,129","40,472","82,02K",1.31
16.05.2019,"40,470","40,014","40,542","39,932","61,23K",1.13
15.05.2019,"40,017","39,765","40,218","39,735","63,15K",0.67
14.05.2019,"39,751","39,926","39,952","39,661","56,77K",-0.47
13.05.2019,"39,939","39,770","40,058","39,733","71,44K",0.93
10.05.2019,"39,572","39,470","39,736","39,363","60,19K",0.27
09.05.2019,"39,466","39,283","39,818","39,283","55,69K",0.46
08.05.2019,"39,285","39,708","39,781","39,250","54,72K",-1.07
07.05.2019,"39,710","39,710","40,006","39,640","54,28K",0.04
06.05.2019,"39,695","39,386","39,753","39,386","43,09K",0.79
03.05.2019,"39,382","39,669","39,684","39,304","57,52K",-0.7
02.05.2019,"39,661","39,198","39,722","39,182","57,39K",1.17
01.05.2019,"39,202","39,201","39,220","39,182","0,09K",-0.03
30.04.2019,"39,215","39,453","39,573","39,127","60,21K",-0.61
29.04.2019,"39,456","39,304","39,466","39,214","46,15K",0.42
26.04.2019,"39,292","39,505","39,757","39,195","57,68K",-0.63
25.04.2019,"39,542","39,918","40,071","39,467","63,80K",-0.96
24.04.2019,"39,927","39,204","39,942","39,185","69,94K",1.83
23.04.2019,"39,211","39,370","39,648","39,131","53,30K",-0.39
22.04.2019,"39,365","39,268","39,394","39,127","41,11K",0.23
19.04.2019,"39,275","39,275","39,275","39,275",,0.01
18.04.2019,"39,273","39,409","39,523","39,047","55,11K",-0.28
17.04.2019,"39,382","39,052","39,477","38,859","58,95K",0.88
16.04.2019,"39,040","38,730","39,085","38,687","51,12K",0.82
15.04.2019,"38,723","38,811","38,908","38,588","56,26K",-0.25
12.04.2019,"38,819","38,584","39,080","38,574","67,19K",0.61
11.04.2019,"38,582","38,264","38,636","38,264","52,65K",0.87
10.04.2019,"38,251","38,511","38,542","38,144","49,45K",-0.67
09.04.2019,"38,510","38,501","38,650","38,461","52,52K",0.04
08.04.2019,"38,495","38,720","38,773","38,415","47,02K",-0.62
05.04.2019,"38,735","38,589","38,766","38,415","60,14K",0.38
04.04.2019,"38,590","38,708","38,876","38,472","61,69K",-0.28
03.04.2019,"38,700","38,538","38,823","38,326","58,16K",0.42
02.04.2019,"38,537","38,524","38,800","38,483","63,25K",0.05
01.04.2019,"38,518","38,897","38,932","38,492","54,77K",-1.86
29.03.2019,"39,247","39,016","39,347","38,679","82,29K",0.61
28.03.2019,"39,010","39,927","40,159","38,982","96,08K",-2.32
27.03.2019,"39,935","38,739","40,018","38,724","98,70K",3
26.03.2019,"38,773","38,529","38,794","38,334","72,25K",0.59
25.03.2019,"38,544","39,047","39,374","38,438","80,01K",-1.35
22.03.2019,"39,071","37,928","39,169","37,928","94,82K",3.01
21.03.2019,"37,930","37,761","38,382","37,639","77,33K",0.44
20.03.2019,"37,763","37,921","37,994","37,386","72,90K",-0.34
19.03.2019,"37,892","37,912","38,002","37,646","48,73K",-0.06
18.03.2019,"37,915","38,161","38,277","37,832","52,61K",-0.6
15.03.2019,"38,144","38,453","38,726","38,082","60,80K",-0.78
14.03.2019,"38,442","38,156","38,556","38,143","60,26K",0.77
13.03.2019,"38,147","38,113","38,352","37,995","62,85K",0.09
12.03.2019,"38,114","38,399","38,445","38,009","74,15K",-0.75
11.03.2019,"38,403","38,678","38,685","38,342","70,38K",-0.69
08.03.2019,"38,669","38,708","39,032","38,493","80,65K",-0.09
07.03.2019,"38,704","38,404","39,028","38,159","91,17K",0.79
06.03.2019,"38,400","37,763","38,450","37,747","42,59K",1.71
05.03.2019,"37,755","37,755","37,755","37,755",,0
04.03.2019,"37,755","37,742","37,755","37,742","0,05K",0.01
01.03.2019,"37,752","37,511","37,956","37,455","70,19K",0.63
28.02.2019,"37,514","37,258","37,592","37,171","77,19K",0.61
27.02.2019,"37,287","37,444","37,478","37,217","66,12K",-0.54
26.02.2019,"37,489","37,519","37,666","37,378","70,24K",-0.09
25.02.2019,"37,522","37,469","37,523","37,194","61,75K",0.1
22.02.2019,"37,485","37,683","37,683","37,262","64,59K",-0.56
21.02.2019,"37,695","37,256","37,721","37,149","70,21K",1.12
20.02.2019,"37,277","37,243","37,372","36,900","73,72K",0.13
19.02.2019,"37,230","37,334","37,448","37,028","61,67K",-0.33
18.02.2019,"37,353","37,012","37,422","37,012","44,11K",0.93
15.02.2019,"37,008","37,203","37,264","36,983","73,21K",-0.6
14.02.2019,"37,233","37,514","37,952","37,137","81,43K",-0.83
13.02.2019,"37,544","37,104","37,619","37,104","72,41K",1.2
12.02.2019,"37,098","37,437","37,470","37,021","73,26K",-1.27
11.02.2019,"37,577","37,312","37,747","37,274","65,13K",0.76
08.02.2019,"37,292","37,195","37,477","37,026","81,98K",0.34
07.02.2019,"37,167","36,996","37,375","36,990","88,29K",0.5
06.02.2019,"36,983","36,696","37,161","36,672","75,25K",0.77
05.02.2019,"36,699","36,636","36,846","36,609","70,48K",0.03
04.02.2019,"36,687","36,597","36,877","36,592","68,75K",0.25
01.02.2019,"36,597","36,455","36,822","36,376","72,65K",0.43
31.01.2019,"36,440","36,865","36,865","36,358","83,29K",-1.11
30.01.2019,"36,850","37,205","37,321","36,741","76,38K",-0.95
29.01.2019,"37,202","37,617","37,648","37,150","65,15K",-1.11
28.01.2019,"37,619","37,780","37,878","37,500","64,27K",-0.23
25.01.2019,"37,707","37,713","37,713","37,707","0,00K",-0.07
24.01.2019,"37,733","37,746","37,955","37,381","59,57K",0.19
23.01.2019,"37,663","37,943","38,134","37,561","54,05K",-1.28
22.01.2019,"38,152","37,545","38,173","37,457","56,60K",1.6
21.01.2019,"37,550","37,609","37,811","37,541","34,70K",0.09
18.01.2019,"37,517","37,480","37,743","37,285","58,60K",0.03
17.01.2019,"37,504","37,329","37,744","37,262","58,18K",0.37
16.01.2019,"37,366","37,151","37,381","37,084","15,40K",0.52
15.01.2019,"37,172","37,025","37,326","36,947","21,18K",0.49
14.01.2019,"36,990","37,120","37,358","36,845","0,34K",-0.33
11.01.2019,"37,113","36,943","37,300","36,913","12,53K",0.02
10.01.2019,"37,105","36,807","37,249","36,746","0,00K",0.81
09.01.2019,"36,807","37,138","37,155","36,743","48,59K",-0.88
08.01.2019,"37,133","37,373","37,412","37,034","49,06K",-0.6
07.01.2019,"37,356","37,139","37,384","36,898","44,59K",0.54
04.01.2019,"37,155","37,593","37,850","37,088","56,28K",-1.09
03.01.2019,"37,565","37,960","38,074","37,376","55,71K",-0.88
02.01.2019,"37,900","38,786","38,971","37,828","44,05K",-2.35
01.01.2019,"38,812","38,812","38,812","38,812",,0
31.12.2018,"38,812","38,812","38,812","38,812",,0
28.12.2018,"38,812","38,769","38,956","38,297",,0.2
27.12.2018,"38,735","39,202","39,456","38,685",,-1.24
26.12.2018,"39,220","39,040","39,405","38,918",,0.46
25.12.2018,"39,040","39,040","39,040","39,040",,0
24.12.2018,"39,040","39,040","39,040","39,040",,0
21.12.2018,"39,040","38,408","39,071","38,393",,1.61
20.12.2018,"38,422","38,971","38,971","38,327",,-1.42
19.12.2018,"38,977","39,015","39,138","38,634",,-0.38
18.12.2018,"39,124","38,970","39,173","38,836",,0.33
17.12.2018,"38,995","39,173","39,285","38,772",,-0.45
14.12.2018,"39,171","39,113","39,210","38,877",,0.67
13.12.2018,"38,911","38,551","38,974","38,507",,0.92
12.12.2018,"38,555","38,936","38,997","38,362",,-1.24
11.12.2018,"39,040","39,202","39,226","38,876",,-0.36
10.12.2018,"39,181","39,076","39,455","38,913",,0.27
07.12.2018,"39,075","38,817","39,239","38,571",,0.73
06.12.2018,"38,793","38,910","39,445","38,733",,0.28
05.12.2018,"38,686","38,517","38,832","38,341",,0.42
04.12.2018,"38,525","38,290","38,675","38,177",,0.27
03.12.2018,"38,423","38,677","38,677","38,161",,-0.64
30.11.2018,"38,669","38,496","38,888","38,380",,0.37
29.11.2018,"38,528","38,517","38,751","38,331",,0.05
28.11.2018,"38,510","38,789","38,879","38,318",,-0.62
27.11.2018,"38,752","39,228","39,241","38,619",,-1.67
26.11.2018,"39,410","38,184","39,452","38,171",,2.95
23.11.2018,"38,282","38,036","38,305","37,949",,0.62
22.11.2018,"38,045","37,904","38,269","37,902",,0.18
21.11.2018,"37,976","37,560","38,034","37,560",,1.08
20.11.2018,"37,572","37,563","37,572","37,563",,0.01
19.11.2018,"37,570","37,473","37,736","37,427",,0.36
16.11.2018,"37,435","37,723","37,827","37,296",,-1.08
15.11.2018,"37,843","37,843","37,843","37,843",,0.01
14.11.2018,"37,841","38,032","38,194","37,661",,-0.5
13.11.2018,"38,032","37,561","38,313","37,529",,0.95
12.11.2018,"37,675","37,487","37,696","37,361",,0.91
09.11.2018,"37,335","37,610","37,750","37,252",,-0.72
08.11.2018,"37,605","37,297","37,642","37,158",,0.77
07.11.2018,"37,318","37,618","37,874","37,220",,-0.79
06.11.2018,"37,615","37,270","37,701","37,237",,0.95
05.11.2018,"37,262","36,968","37,326","36,910",,0.8
02.11.2018,"36,967","37,039","37,039","36,963",,-0.12
01.11.2018,"37,012","37,232","37,241","36,799",,-0.56
31.10.2018,"37,220","36,969","37,445","36,854",,0.67
30.10.2018,"36,974","37,175","37,359","36,768",,-0.57
29.10.2018,"37,187","36,437","37,226","35,819",,2.08
26.10.2018,"36,429","37,059","37,302","36,395",,-1.7
25.10.2018,"37,058","37,360","37,360","36,818",,-0.78
24.10.2018,"37,350","36,950","37,475","36,827",,1.1
23.10.2018,"36,943","36,883","37,237","36,856",,0.23
22.10.2018,"36,860","36,954","37,214","36,698",,-0.78
19.10.2018,"37,149","37,220","37,273","36,875",,-0.18
18.10.2018,"37,217","36,875","37,313","36,726",,0.93
17.10.2018,"36,875","37,242","37,460","36,640",,-1.01
16.10.2018,"37,252","37,355","37,363","36,913",,-0.28
15.10.2018,"37,358","37,561","37,645","37,126",,-1.25
12.10.2018,"37,830","37,838","37,838","37,824",,0.05
11.10.2018,"37,812","37,565","37,858","37,159",,0.68
10.10.2018,"37,555","37,163","37,687","37,109",,1.08
09.10.2018,"37,155","37,818","37,911","37,005",,-1.68
08.10.2018,"37,790","37,275","37,825","37,093",,-1.62
05.10.2018,"38,413","38,742","38,950","38,376",,-0.86
04.10.2018,"38,745","39,017","39,355","38,732",,-0.69
03.10.2018,"39,015","39,415","39,415","38,220",,-1.01
02.10.2018,"39,414","40,186","40,188","39,058",,-1.91
01.10.2018,"40,181","40,500","40,633","40,037",,-0.77
28.09.2018,"40,491","40,147","40,580","39,898",,0.92
27.09.2018,"40,123","40,343","40,553","39,665",,-0.49
26.09.2018,"40,322","40,792","40,945","40,095",,-1.06
25.09.2018,"40,756","40,893","41,418","40,681",,-0.42
24.09.2018,"40,928","40,656","40,975","40,362",,1.02
21.09.2018,"40,516","40,770","40,958","40,278",,-0.63
20.09.2018,"40,771","41,273","41,311","40,671",,-1.32
19.09.2018,"41,315","41,631","41,763","40,976",,-0.69
18.09.2018,"41,604","41,342","41,651","41,174",,0.68
17.09.2018,"41,324","41,744","42,041","41,159",,-1
14.09.2018,"41,742","42,064","42,106","41,580",,-0.8
13.09.2018,"42,077","41,616","42,101","41,244",,1.2
12.09.2018,"41,579","41,528","41,677","41,106",,0.11
11.09.2018,"41,535","40,864","41,798","40,864",,1.63
10.09.2018,"40,867","40,679","41,280","40,524",,0.67
07.09.2018,"40,596","40,596","40,596","40,596",,0.02
06.09.2018,"40,589","41,448","41,659","40,357",,-2.11
05.09.2018,"41,466","41,570","41,863","41,119",,-0.33
04.09.2018,"41,602","41,566","41,907","41,374",,0.03
03.09.2018,"41,590","40,926","41,606","40,916",,2.55
31.08.2018,"40,556","41,486","41,776","40,532",,-2.26
30.08.2018,"41,495","41,057","42,150","41,029",,1.02
29.08.2018,"41,074","41,389","41,647","41,016",,-0.65
28.08.2018,"41,342","40,798","41,476","40,617",,1.39
27.08.2018,"40,775","41,055","41,144","40,470",,-0.6
24.08.2018,"41,020","41,146","41,326","40,720",,-0.33
23.08.2018,"41,155","40,418","41,284","40,408",,1.81
22.08.2018,"40,425","40,507","40,915","40,312",,-0.13
21.08.2018,"40,478","39,696","40,533","39,557",,1.96
20.08.2018,"39,700","39,139","39,715","39,139",,1.49
17.08.2018,"39,116","39,078","39,536","39,036",,0.12
16.08.2018,"39,071","39,055","39,298","38,673",,0.04
15.08.2018,"39,055","38,665","39,275","38,660",,0.99
14.08.2018,"38,673","38,849","39,038","38,590",,-0.43
13.08.2018,"38,840","38,585","39,292","38,585",,0.63
10.08.2018,"38,597","38,019","38,746","38,008",,1.53
09.08.2018,"38,015","37,718","38,217","37,718",,0.78
08.08.2018,"37,721","37,525","37,734","37,355",,0.55
07.08.2018,"37,515","37,370","37,723","37,033",,0.41
06.08.2018,"37,363","37,047","37,371","36,902",,0.76
03.08.2018,"37,080","37,519","37,539","37,000",,-1.13
02.08.2018,"37,503","37,520","37,822","37,491",,0.01
01.08.2018,"37,499","37,565","37,703","37,310",,-0.17
31.07.2018,"37,564","37,301","37,645","37,221",,0.69
30.07.2018,"37,307","37,139","37,323","36,956",,0.52
27.07.2018,"37,114","37,464","37,477","37,065",,-0.93
26.07.2018,"37,462","36,886","37,483","36,886",,1.56
25.07.2018,"36,886","37,483","37,485","36,886",,-1.59
24.07.2018,"37,481","37,833","37,872","37,321",,-0.91
23.07.2018,"37,827","37,661","38,029","37,661",,0.39
20.07.2018,"37,681","38,319","38,319","37,584",,-1.6
19.07.2018,"38,295","38,495","38,923","38,225",,-0.57
18.07.2018,"38,513","38,373","38,647","38,190",,0.33
17.07.2018,"38,388","38,633","38,801","38,387",,-0.56
16.07.2018,"38,605","38,515","38,742","38,337",,0.23
13.07.2018,"38,518","38,821","39,005","38,441",,-0.78
12.07.2018,"38,822","38,745","39,031","38,373",,0.13
11.07.2018,"38,773","38,169","38,859","38,135",,1.63
10.07.2018,"38,152","38,837","38,872","37,937",,-1.48
09.07.2018,"38,727","38,653","38,727","38,649",,0.26
06.07.2018,"38,628","39,322","39,530","38,594",,-1.78
05.07.2018,"39,327","39,133","39,417","38,856",,0.48
04.07.2018,"39,138","38,941","39,195","38,855",,0.42
03.07.2018,"38,975","39,126","39,151","38,731",,-0.4
02.07.2018,"39,130","38,791","39,207","38,761",,0.93
29.06.2018,"38,771","38,582","38,801","38,283",,0.38
28.06.2018,"38,624","38,610","38,780","38,350",,-0.01
27.06.2018,"38,628","37,990","38,773","37,904",,1.61
26.06.2018,"38,016","37,740","38,033","37,612",,0.66
25.06.2018,"37,767","37,887","37,887","37,618",,-0.25
22.06.2018,"37,860","37,687","37,896","37,353",,0.45
21.06.2018,"37,691","37,697","38,048","37,535",,-0.06
20.06.2018,"37,714","37,447","37,869","37,058",,0.65
19.06.2018,"37,471","37,471","37,864","37,178",,0
18.06.2018,"37,470","37,310","37,661","37,282",,0.46
15.06.2018,"37,297","38,060","38,060","37,148",,-2
14.06.2018,"38,060","37,209","38,162","36,863",,2.31
13.06.2018,"37,201","37,180","37,386","36,845",,0.04
12.06.2018,"37,185","37,075","37,300","36,685",,0.24
11.06.2018,"37,097","37,101","37,306","36,714",,0.01
08.06.2018,"37,094","39,032","39,068","36,928",,-5.08
07.06.2018,"39,078","38,490","39,684","38,467",,1.53
06.06.2018,"38,488","38,086","38,555","38,049",,1.1
05.06.2018,"38,068","37,453","38,177","37,453",,1.6
04.06.2018,"37,468","37,663","37,671","37,260",,-0.44
01.06.2018,"37,633","37,250","37,706","37,208",,1.07
31.05.2018,"37,235","37,251","37,272","37,235",,-0.02
30.05.2018,"37,241","37,249","37,678","36,794",,-0.03
29.05.2018,"37,254","37,346","37,702","37,116",,-0.26
28.05.2018,"37,352","36,522","37,465","36,520",,2.27
25.05.2018,"36,524","36,463","36,791","36,425",,0.08
24.05.2018,"36,495","36,274","36,563","36,273",,0.57
23.05.2018,"36,288","36,452","36,799","36,166",,-0.44
22.05.2018,"36,448","36,772","36,789","36,265",,-0.88
21.05.2018,"36,772","37,370","37,382","36,710",,-1.6
18.05.2018,"37,370","36,975","37,772","36,947",,1.09
17.05.2018,"36,966","36,748","37,135","36,443",,0.56
16.05.2018,"36,761","36,536","36,955","36,528",,0.6
15.05.2018,"36,540","36,240","36,942","36,218",,0.85
14.05.2018,"36,231","35,992","36,412","35,729",,0.64
11.05.2018,"35,999","35,495","36,130","35,434",,1.4
10.05.2018,"35,502","35,937","35,950","35,424",,-1.17
09.05.2018,"35,924","35,638","36,101","35,592",,0.81
08.05.2018,"35,636","35,514","35,941","35,510",,0.29
07.05.2018,"35,534","35,316","35,598","35,316",,0.65
04.05.2018,"35,304","35,274","35,493","35,141",,0.06
03.05.2018,"35,282","35,507","35,673","35,199",,-0.66
02.05.2018,"35,518","35,078","35,547","35,078",,1.26
01.05.2018,"35,076","35,075","35,078","35,074",,0.01
30.04.2018,"35,072","34,568","35,094","34,568",,1.46
27.04.2018,"34,568","34,764","34,816","34,533",,-0.54
26.04.2018,"34,755","34,851","35,088","34,745",,-0.27
25.04.2018,"34,850","34,742","35,160","34,706",,0.39
24.04.2018,"34,714","34,520","34,813","34,353",,0.54
23.04.2018,"34,527","34,142","34,538","34,142",,1.16
20.04.2018,"34,130","33,847","34,182","33,841",,0.72
19.04.2018,"33,885","33,811","34,106","33,802",,0.24
18.04.2018,"33,804","34,080","34,097","33,730",,-0.81
17.04.2018,"34,079","34,215","34,218","33,887",,-0.34
16.04.2018,"34,194","34,251","34,362","34,058",,-0.08
13.04.2018,"34,223","34,123","34,307","33,963",,0.27
12.04.2018,"34,132","33,753","34,203","33,651",,1.14
11.04.2018,"33,746","34,066","34,246","33,727",,-1
10.04.2018,"34,088","34,216","34,357","34,001",,-0.33
09.04.2018,"34,200","33,697","34,246","33,640",,1.49
06.04.2018,"33,697","33,453","33,807","33,425",,0.74
05.04.2018,"33,449","33,310","33,500","32,961",,0.46
04.04.2018,"33,297","33,411","33,685","33,269",,-0.35
03.04.2018,"33,413","33,095","33,443","33,026",,0.91
02.04.2018,"33,111","33,056","33,251","32,973",,0.18
30.03.2018,"33,051","33,044","33,051","33,040",,-0.03
29.03.2018,"33,060","33,211","33,295","32,926",,-0.44
28.03.2018,"33,205","33,288","33,469","33,195",,-0.25
27.03.2018,"33,288","33,120","33,371","33,098",,0.51
26.03.2018,"33,119","33,139","33,146","32,923",,-0.01
23.03.2018,"33,123","33,157","33,191","32,936",,-0.11
22.03.2018,"33,159","32,727","33,176","32,719",,1.33
21.03.2018,"32,725","33,127","33,132","32,635",,-1.18
20.03.2018,"33,117","32,858","33,119","32,789",,0.78
19.03.2018,"32,862","32,790","32,969","32,790",,0.16
16.03.2018,"32,811","32,862","32,997","32,719",,-0.16
15.03.2018,"32,862","32,626","32,980","32,614",,0.78
14.03.2018,"32,607","32,614","32,679","32,466",,0
13.03.2018,"32,607","32,622","32,659","32,371",,-0.05
12.03.2018,"32,622","32,561","32,684","32,500",,0.21
09.03.2018,"32,553","32,669","32,708","32,390",,-0.36
08.03.2018,"32,669","32,448","32,703","32,390",,0.66
07.03.2018,"32,454","32,117","32,486","32,099",,1.05
06.03.2018,"32,117","32,430","32,439","32,055",,-0.97
05.03.2018,"32,430","32,528","32,640","32,415",,-0.3
02.03.2018,"32,528","32,516","32,672","32,480",,0.04
01.03.2018,"32,515","32,462","32,715","32,383",,0.16
28.02.2018,"32,462","32,516","32,540","32,349",,-0.17
27.02.2018,"32,516","32,243","32,555","32,217",,0.8
26.02.2018,"32,258","32,379","32,426","32,224",,-0.37
23.02.2018,"32,379","32,502","32,510","32,322",,-0.38
22.02.2018,"32,502","32,687","32,738","32,420",,-0.58
21.02.2018,"32,692","32,572","32,729","32,423",,0.41
20.02.2018,"32,557","32,340","32,614","32,340",,0.65
19.02.2018,"32,347","32,307","32,383","32,222",,0.11
16.02.2018,"32,312","32,323","32,477","32,021",,0.1
15.02.2018,"32,279","32,198","32,412","31,981",,0.33
14.02.2018,"32,174","32,927","32,971","32,159",,-2.38
13.02.2018,"32,957","32,957","32,957","32,957",,0.01
12.02.2018,"32,954","32,954","32,954","32,954",,0.04
09.02.2018,"32,942","32,860","33,188","32,673",,0.26
08.02.2018,"32,858","32,714","33,030","32,558",,0.44
07.02.2018,"32,714","32,480","32,836","32,371",,1.13
06.02.2018,"32,348","32,628","32,782","32,322",,-0.85
05.02.2018,"32,625","32,181","32,657","32,130",,1.38
02.02.2018,"32,181","31,671","32,234","31,671",,1.62
01.02.2018,"31,669","31,854","31,964","31,613",,-0.6
31.01.2018,"31,859","31,839","31,951","31,454",,0.15
30.01.2018,"31,812","31,550","31,949","31,477",,0.83
29.01.2018,"31,550","31,530","31,718","31,530",,0.13
26.01.2018,"31,510","31,481","31,560","31,195",,0.08
25.01.2018,"31,485","31,464","31,485","31,464",,0.06
24.01.2018,"31,465","32,375","32,400","31,345",,-2.8
23.01.2018,"32,370","32,036","32,441","32,012",,1.09
22.01.2018,"32,021","31,961","32,113","31,816",,0.18
19.01.2018,"31,962","32,082","32,149","31,936",,-0.32
18.01.2018,"32,065","32,240","32,245","32,011",,-0.54
17.01.2018,"32,238","32,264","32,386","32,113",,-0.02
16.01.2018,"32,243","32,168","32,377","32,114",,0.25
15.01.2018,"32,163","32,054","32,206","31,912",,0.31
12.01.2018,"32,064","32,161","32,305","31,989",,-0.28
11.01.2018,"32,155","32,283","32,401","32,117",,-0.4
10.01.2018,"32,283","32,519","32,557","32,252",,-0.62
09.01.2018,"32,483","32,413","32,553","32,291",,0.23
08.01.2018,"32,407","32,289","32,445","32,227",,0.36
05.01.2018,"32,291","32,348","32,493","32,263",,-0.17
04.01.2018,"32,347","32,374","32,428","32,214",,-0.07
03.01.2018,"32,370","32,590","32,680","32,311",,-0.68
02.01.2018,"32,591","33,136","33,136","32,570",,-1.61
01.01.2018,"33,125","33,125","33,125","33,125",,0
29.12.2017,"33,125","33,125","33,125","33,125",,0
28.12.2017,"33,125","33,153","33,176","32,946",,-0.08
27.12.2017,"33,150","33,106","33,220","32,916",,0.12
26.12.2017,"33,111","33,376","33,376","33,062",,-0.78
25.12.2017,"33,370","33,370","33,370","33,370",,0
22.12.2017,"33,370","33,091","33,401","33,034",,0.86
21.12.2017,"33,084","32,978","33,170","32,901",,0.32
20.12.2017,"32,979","32,911","33,008","32,807",,0.24
19.12.2017,"32,900","32,923","33,079","32,811",,-0.07
18.12.2017,"32,923","32,947","33,009","32,780",,-0.07
15.12.2017,"32,947","33,336","33,374","32,942",,-1.41
14.12.2017,"33,419","33,234","33,476","33,100",,0.96
13.12.2017,"33,100","33,070","33,321","32,877",,0.11
12.12.2017,"33,065","33,055","33,334","32,963",,0.05
11.12.2017,"33,048","32,912","33,060","32,726",,0.39
08.12.2017,"32,919","32,768","33,105","32,648",,0.04
07.12.2017,"32,907","32,477","33,182","32,468",,1.7
06.12.2017,"32,357","32,415","32,493","32,241",,-0.19
05.12.2017,"32,418","32,448","32,470","32,197",,-0.07
04.12.2017,"32,442","32,581","32,623","32,418",,-0.43
01.12.2017,"32,581","32,727","32,851","32,479",,-0.45
30.11.2017,"32,727","32,465","32,883","32,350",,0.82
29.11.2017,"32,461","32,132","32,473","32,002",,1.03
28.11.2017,"32,131","32,325","32,325","32,019",,-0.46
27.11.2017,"32,278","32,330","32,331","32,130",,-0.16
24.11.2017,"32,330","32,218","32,360","32,212",,0.34
23.11.2017,"32,219","32,241","32,428","32,183",,-0.07
22.11.2017,"32,243","32,570","32,646","32,213",,-1.06
21.11.2017,"32,588","32,593","32,657","32,390",,0.05
20.11.2017,"32,573","32,574","32,574","32,573",,0
17.11.2017,"32,574","32,726","32,884","32,546",,-0.51
16.11.2017,"32,740","33,130","33,132","32,677",,-1.19
15.11.2017,"33,133","33,133","33,133","33,133",,0.01
14.11.2017,"33,131","32,805","33,178","32,662",,1.03
13.11.2017,"32,794","32,821","33,005","32,760",,0.05
10.11.2017,"32,779","32,529","32,841","32,501",,0.79
09.11.2017,"32,521","32,546","32,665","32,359",,-0.08
08.11.2017,"32,548","32,723","32,723","32,401",,-0.51
07.11.2017,"32,714","32,495","32,884","32,495",,0.67
06.11.2017,"32,495","33,144","33,144","32,476",,-1.96
03.11.2017,"33,144","32,664","33,350","32,482",,1.42
02.11.2017,"32,680","32,683","32,683","32,680",,0.01
01.11.2017,"32,676","32,728","32,927","32,565",,-0.16
31.10.2017,"32,728","32,890","33,018","32,645",,-0.5
30.10.2017,"32,891","32,367","32,892","32,344",,1.63
27.10.2017,"32,363","32,901","33,030","32,342",,-1.65
26.10.2017,"32,905","32,332","32,977","32,287",,1.77
25.10.2017,"32,332","32,442","32,599","32,283",,-0.32
24.10.2017,"32,435","32,389","32,671","32,240",,0.18
23.10.2017,"32,378","31,929","32,387","31,893",,1.42
20.10.2017,"31,925","31,665","31,980","31,665",,0.8
19.10.2017,"31,671","31,722","31,793","31,625",,-0.13
18.10.2017,"31,711","31,582","31,817","31,556",,0.41
17.10.2017,"31,580","31,712","31,838","31,580",,-0.42
16.10.2017,"31,712","31,454","31,740","31,441",,0.83
13.10.2017,"31,452","31,730","31,803","31,438",,-0.8
12.10.2017,"31,705","31,721","31,727","31,705",,-0.06
11.10.2017,"31,724","31,794","31,799","31,599",,-0.22
10.10.2017,"31,795","31,890","31,890","31,618",,-0.29
09.10.2017,"31,888","31,563","31,900","31,558",,1.04
06.10.2017,"31,561","31,546","31,784","31,496",,0.05
05.10.2017,"31,544","31,319","31,566","31,243",,0.61
04.10.2017,"31,352","31,456","31,456","31,220",,-0.24
03.10.2017,"31,427","31,545","31,656","31,410",,-0.37
02.10.2017,"31,544","31,645","31,791","31,513",,-0.24
29.09.2017,"31,619","31,827","31,906","31,562",,-0.65
28.09.2017,"31,825","31,934","32,004","31,772",,-0.34
27.09.2017,"31,932","31,669","31,986","31,665",,0.84
26.09.2017,"31,666","31,592","31,752","31,522",,0.21
25.09.2017,"31,600","31,326","31,619","31,260",,1.12
22.09.2017,"31,250","31,376","31,397","31,223",,-0.4
21.09.2017,"31,377","31,332","31,473","31,256",,0.17
20.09.2017,"31,325","31,354","31,394","31,136",,-0.08
19.09.2017,"31,350","31,363","31,402","31,245",,-0.06
18.09.2017,"31,368","31,108","31,388","31,079",,0.91
15.09.2017,"31,085","31,196","31,323","31,085",,-0.34
14.09.2017,"31,190","31,360","31,510","31,127",,-0.52
13.09.2017,"31,353","31,248","31,445","31,222",,0.33
12.09.2017,"31,251","31,032","31,387","31,029",,0.72
11.09.2017,"31,029","30,903","31,082","30,790",,0.52
08.09.2017,"30,868","30,853","30,995","30,819",,-0.4
07.09.2017,"30,993","31,002","31,002","30,993",,-0.04
06.09.2017,"31,004","31,168","31,210","30,987",,-0.55
05.09.2017,"31,174","31,416","31,427","31,122",,-0.77
04.09.2017,"31,417","31,404","31,450","31,327",,0
01.09.2017,"31,416","31,477","31,488","31,223",,-0.2
31.08.2017,"31,479","31,597","31,701","31,372",,-0.39
30.08.2017,"31,603","31,656","31,766","31,559",,-0.15
29.08.2017,"31,652","31,677","31,766","31,582",,-0.06
28.08.2017,"31,670","31,592","31,675","31,483",,0.21
25.08.2017,"31,603","31,484","31,629","31,357",,0.39
24.08.2017,"31,481","31,414","31,509","31,330",,0.21
23.08.2017,"31,414","31,617","31,706","31,341",,-0.62
22.08.2017,"31,611","31,649","31,910","31,466",,-0.11
21.08.2017,"31,645","31,488","31,723","31,361",,0.57
18.08.2017,"31,465","31,751","31,761","31,404",,-0.9
17.08.2017,"31,751","31,534","31,824","31,524",,0.72
16.08.2017,"31,524","31,693","31,782","31,454",,-0.54
15.08.2017,"31,695","31,892","32,060","31,657",,-0.61
14.08.2017,"31,890","31,764","32,059","31,734",,-0.15
11.08.2017,"31,938","31,755","32,210","31,547",,0.57
10.08.2017,"31,757","31,557","31,787","31,466",,0.63
09.08.2017,"31,559","31,270","31,587","31,263",,0.93
08.08.2017,"31,269","31,265","31,383","31,189",,0.01
07.08.2017,"31,265","31,311","31,345","31,204",,-0.16
04.08.2017,"31,314","31,125","31,338","31,079",,0.61
03.08.2017,"31,125","31,134","31,270","31,097",,-0.04
02.08.2017,"31,137","31,261","31,382","31,126",,-0.41
01.08.2017,"31,265","31,277","31,315","31,079",,0
31.07.2017,"31,264","31,325","31,442","31,138",,-0.18
28.07.2017,"31,319","31,525","31,600","31,283",,-0.67
27.07.2017,"31,530","31,382","31,600","31,382",,0.46
26.07.2017,"31,387","31,728","31,772","31,348",,-1.07
25.07.2017,"31,726","31,471","31,735","31,364",,0.81
24.07.2017,"31,470","31,405","31,538","31,341",,0.17
21.07.2017,"31,418","31,203","31,453","31,100",,0.67
20.07.2017,"31,208","31,494","31,558","31,182",,-0.9
19.07.2017,"31,490","31,559","31,639","31,444",,-0.17
18.07.2017,"31,545","31,835","31,837","31,536",,-0.9
17.07.2017,"31,833","31,809","31,878","31,761",,0.11
14.07.2017,"31,799","32,125","32,125","31,782",,-1.05
13.07.2017,"32,138","32,082","32,218","32,024",,0.19
12.07.2017,"32,078","32,549","32,553","32,050",,-1.44
11.07.2017,"32,548","32,558","32,697","32,462",,-0.03
10.07.2017,"32,557","32,805","32,817","32,550",,-0.78
07.07.2017,"32,813","32,996","33,068","32,679",,-0.45
06.07.2017,"32,962","32,886","33,211","32,883",,0.22
05.07.2017,"32,889","33,090","33,314","32,889",,-0.62
04.07.2017,"33,093","33,017","33,108","32,982",,0.24
03.07.2017,"33,015","33,196","33,246","32,938",,-0.17
30.06.2017,"33,072","33,049","33,165","32,866",,0.09
29.06.2017,"33,043","32,807","33,150","32,708",,0.73
28.06.2017,"32,805","33,133","33,152","32,788",,-1
27.06.2017,"33,135","32,974","33,347","32,968",,0.52
26.06.2017,"32,964","33,445","33,445","32,950",,-1.39
23.06.2017,"33,430","33,413","33,443","33,257",,0.01
22.06.2017,"33,425","33,357","33,495","33,226",,0.19
21.06.2017,"33,362","33,258","33,373","33,140",,0.28
20.06.2017,"33,270","32,824","33,439","32,824",,1.35
19.06.2017,"32,828","32,902","33,146","32,801",,-0.32
16.06.2017,"32,933","32,898","32,974","32,786",,0.56
15.06.2017,"32,750","32,743","32,752","32,743",,0.03
14.06.2017,"32,741","33,150","33,166","32,636",,-1.25
13.06.2017,"33,154","33,184","33,342","32,974",,-0.08
12.06.2017,"33,181","32,961","33,266","32,747",,0.64
09.06.2017,"32,971","32,620","32,986","32,561",,1.09
08.06.2017,"32,617","32,699","32,895","32,617",,-0.24
07.06.2017,"32,695","32,783","32,869","32,652",,-0.25
06.06.2017,"32,778","32,973","33,020","32,725",,-0.58
05.06.2017,"32,969","32,462","32,975","32,462",,1.5
02.06.2017,"32,483","32,511","32,597","32,207",,-0.07
01.06.2017,"32,506","32,273","32,553","32,151",,0.74
31.05.2017,"32,266","32,576","32,603","32,245",,-0.95
30.05.2017,"32,577","32,569","32,722","32,544",,0.03
29.05.2017,"32,567","32,666","32,771","32,567",,-0.1
26.05.2017,"32,601","32,742","32,761","32,516",,-0.41
25.05.2017,"32,736","32,759","32,993","32,618",,-0.15
24.05.2017,"32,784","32,702","32,885","32,477",,0.24
23.05.2017,"32,705","32,666","32,894","32,543",,0.15
22.05.2017,"32,656","32,533","33,190","32,519",,0.39
19.05.2017,"32,530","33,662","33,719","32,413",,-3.5
18.05.2017,"33,710","31,408","34,136","31,389",,7.43
17.05.2017,"31,380","30,953","31,407","30,952",,1.34
16.05.2017,"30,964","31,108","31,109","30,873",,-0.48
15.05.2017,"31,113","31,229","31,258","30,960",,-0.34
12.05.2017,"31,218","31,381","31,511","31,164",,-0.59
11.05.2017,"31,403","31,676","31,685","31,370",,-0.87
10.05.2017,"31,678","31,908","31,916","31,523",,-0.7
09.05.2017,"31,902","31,996","31,997","31,780",,-0.24
08.05.2017,"31,980","31,753","32,077","31,753",,0.65
05.05.2017,"31,774","31,902","31,960","31,682",,-0.35
04.05.2017,"31,885","31,663","31,956","31,614",,0.74
03.05.2017,"31,652","31,515","31,679","31,408",,0.43
02.05.2017,"31,517","31,757","31,959","31,460",,-0.78
01.05.2017,"31,765","31,772","31,772","31,765",,-0.01
28.04.2017,"31,767","31,837","32,149","31,699",,-0.21
27.04.2017,"31,834","31,721","31,889","31,544",,0.35
26.04.2017,"31,723","31,476","32,085","31,434",,0.8
25.04.2017,"31,471","31,283","31,712","31,275",,0.61
24.04.2017,"31,280","31,506","31,506","31,182",,-0.64
21.04.2017,"31,482","31,479","31,488","31,479",,-0.01
20.04.2017,"31,486","31,506","31,706","31,323",,-0.11
19.04.2017,"31,522","31,075","31,545","31,075",,1.43
18.04.2017,"31,079","30,983","31,239","30,877",,0.3
17.04.2017,"30,985","31,446","31,476","30,930",,-1.47
14.04.2017,"31,448","31,435","31,452","31,431",,0.01
13.04.2017,"31,444","31,258","31,498","31,145",,0.6
12.04.2017,"31,258","31,383","31,598","31,197",,-0.36
11.04.2017,"31,372","31,323","31,562","31,257",,0.17
10.04.2017,"31,320","31,466","31,509","31,302",,-0.45
07.04.2017,"31,462","31,429","31,593","31,182",,0.11
06.04.2017,"31,426","31,196","31,517","31,063",,0.71
05.04.2017,"31,203","30,938","31,261","30,808",,0.85
04.04.2017,"30,939","31,151","31,420","30,925",,-0.67
03.04.2017,"31,147","31,236","31,355","31,099",,-0.28
31.03.2017,"31,233","31,481","31,785","31,214",,-0.83
30.03.2017,"31,495","31,200","31,532","31,178",,0.95
29.03.2017,"31,199","31,414","31,421","31,122",,-0.68
28.03.2017,"31,412","31,269","31,460","31,233",,0.47
27.03.2017,"31,265","31,084","31,404","31,079",,0.58
24.03.2017,"31,086","31,405","31,514","31,048",,-0.98
23.03.2017,"31,395","30,873","31,456","30,873",,1.67
22.03.2017,"30,880","30,888","31,102","30,808",,-0.01
21.03.2017,"30,884","30,724","30,950","30,599",,0.51
20.03.2017,"30,726","30,920","31,160","30,673",,-0.62
17.03.2017,"30,918","31,190","31,281","30,876",,-0.86
16.03.2017,"31,185","31,031","31,233","30,925",,0.48
15.03.2017,"31,037","31,680","31,778","30,972",,-2.05
14.03.2017,"31,685","31,521","31,824","31,501",,0.49
13.03.2017,"31,529","31,387","31,607","31,292",,0.43
10.03.2017,"31,395","31,942","31,966","31,392",,-1.68
09.03.2017,"31,932","31,627","31,984","31,599",,0.95
08.03.2017,"31,631","31,200","31,813","31,197",,1.4
07.03.2017,"31,195","31,391","31,412","31,119",,-0.61
06.03.2017,"31,386","31,146","31,394","31,000",,0.73
03.03.2017,"31,158","31,573","31,633","31,120",,-1.29
02.03.2017,"31,565","30,895","31,590","30,895",,2.15
01.03.2017,"30,900","31,095","31,238","30,900",,-0.61
28.02.2017,"31,091","31,090","31,091","31,090",,0
27.02.2017,"31,090","31,105","31,105","31,085",,-0.06
24.02.2017,"31,110","30,622","31,195","30,600",,1.68
23.02.2017,"30,595","30,635","30,796","30,519",,-0.15
22.02.2017,"30,640","30,960","30,989","30,604",,-1
21.02.2017,"30,951","30,862","31,083","30,848",,0.26
20.02.2017,"30,870","31,019","31,074","30,826",,-0.57
17.02.2017,"31,048","30,872","31,099","30,796",,0.5
16.02.2017,"30,892","30,568","30,905","30,387",,1.04
15.02.2017,"30,575","30,850","30,969","30,545",,-0.89
14.02.2017,"30,850","31,120","31,283","30,825",,-0.85
13.02.2017,"31,116","31,140","31,240","31,075",,-0.13
10.02.2017,"31,158","31,311","31,312","31,062",,-0.46
09.02.2017,"31,301","31,172","31,334","31,134",,0.4
08.02.2017,"31,175","31,205","31,300","31,125",,-0.1
07.02.2017,"31,205","31,155","31,369","31,155",,0.14
06.02.2017,"31,160","31,185","31,276","31,050",,-0.05
03.02.2017,"31,177","31,238","31,390","31,043",,-0.2
02.02.2017,"31,240","31,290","31,304","31,075",,-0.18
01.02.2017,"31,295","31,520","31,638","31,275",,-0.68
31.01.2017,"31,509","31,258","31,565","31,012",,0.76
30.01.2017,"31,270","31,403","31,543","31,138",,-0.45
27.01.2017,"31,410","31,785","31,827","31,398",,-1.16
26.01.2017,"31,780","31,702","31,949","31,612",,0.25
25.01.2017,"31,702","31,702","31,702","31,702",,0
24.01.2017,"31,702","31,605","31,754","31,583",,0.22
23.01.2017,"31,633","31,690","31,837","31,534",,-0.18
20.01.2017,"31,690","32,002","32,046","31,689",,-0.86
19.01.2017,"31,965","32,310","32,350","31,932",,-1.06
18.01.2017,"32,309","32,150","32,319","32,132",,0.6
17.01.2017,"32,115","32,417","32,417","31,957",,-0.93
16.01.2017,"32,418","32,234","32,443","32,165",,0.64
13.01.2017,"32,213","31,887","32,242","31,798",,1.04
12.01.2017,"31,881","31,967","31,993","31,522",,-0.29
11.01.2017,"31,975","31,960","32,313","31,775",,0.04
10.01.2017,"31,961","31,959","32,020","31,808",,-0.03
09.01.2017,"31,969","32,244","32,317","31,894",,-0.84
06.01.2017,"32,241","31,973","32,241","31,871",,0.78
05.01.2017,"31,990","32,163","32,294","31,928",,-0.54
04.01.2017,"32,163","32,517","32,517","32,100",,-1.5
03.01.2017,"32,652","32,824","32,928","32,466",,-0.62
02.01.2017,"32,857","32,538","32,887","32,516",,0.95
